ID Empresa,Nombre Empresa,Departamento,Municipio,¿Tiene área de recepción de residuos?,¿Tiene vías de acceso?,¿Tiene Sistema de Ventilación?,¿Tiene sistema de drenaje?,¿Tiene Sistema de Recolección y Transporte de Lixiviados?,¿Controla Olores y Vectores?,¿Tiene área de almacenamiento para residuos aprovechables?,¿Tiene cerramiento?,Capacidad de la Planta (Ton/día),Fecha de construcción,Fecha de cargue,
51,UNIDAD DE SERVICIOS PÚBLICOS DOMICILIARIOS DE ACUEDUCTO,BOYACA,AQUITANIA,Si,Si,Si,Si,Si,Si,Si,Si,2,19/02/2007,19/02/2007,
51,UNIDAD DE SERVICIOS PÚBLICOS DOMICILIARIOS DE ACUEDUCTO,BOYACA,AQUITANIA,Si,Si,Si,Si,Si,Si,Si,Si,2,21/04/2008,21/04/2008,
76,OFICINA DE SERVICIOS PÚBLICOS DE  MONTEBELLO,ANTIOQUIA,MONTEBELLO,Si,Si,Si,Si,Si,Si,Si,Si,1,27/06/2008,27/06/2008,
76,OFICINA DE SERVICIOS PÚBLICOS DE  MONTEBELLO,ANTIOQUIA,MONTEBELLO,Si,Si,Si,Si,No,Si,Si,Si,1,27/06/2008,27/06/2008,
76,OFICINA DE SERVICIOS PÚBLICOS DE  MONTEBELLO,ANTIOQUIA,MONTEBELLO,No,No,No,No,No,No,No,No,1,31/12/1998,23/10/2014,
78,EMPRESA DE ASEO RETIRAR S.A. E.S.P.,ANTIOQUIA,RETIRO,No,No,No,No,No,No,No,No,0,22/06/2008,22/06/2008,
82,SOCIEDAD DE ACUEDUCTO,ATLANTICO,BARRANQUILLA,No,No,No,No,No,No,No,No,10,15/05/2012,17/06/2013,
91,EMPRESA DE SERVICIOS PUBLICOS LA UNION S.A E.S.P.,ANTIOQUIA,LA UNION,Si,Si,Si,Si,No,Si,Si,Si,0.6,0,4/2/2012,
91,EMPRESA DE SERVICIOS PUBLICOS LA UNION S.A E.S.P.,ANTIOQUIA,LA UNION,Si,Si,Si,Si,Si,Si,Si,Si,4,0,4/2/2012,
91,EMPRESA DE SERVICIOS PUBLICOS LA UNION S.A E.S.P.,ANTIOQUIA,LA UNION,No,No,No,No,No,No,No,No,0.5,15/12/2009,6/2/2012,
91,EMPRESA DE SERVICIOS PUBLICOS LA UNION S.A E.S.P.,ANTIOQUIA,LA UNION,No,No,No,No,No,No,No,No,4,20/11/2008,6/2/2012,
95,UNIDAD DE SERVICIOS PÚBLICOS DOMICILIARIOS DE ACUEDUCTO,ANTIOQUIA,CANASGORDAS,No,No,No,No,No,No,No,No,0,26/04/2008,26/04/2008,
96,EMPRESA DE SERVICIOS PÚBLICOS DE EL CARMEN DE VIBORAL E.S.P.,ANTIOQUIA,EL CARMEN DE VIBORAL,Si,Si,No,Si,No,Si,Si,Si,10,25/08/2004,25/08/2004,
96,EMPRESA DE SERVICIOS PÚBLICOS DE EL CARMEN DE VIBORAL E.S.P.,ANTIOQUIA,EL CARMEN DE VIBORAL,No,No,No,No,No,No,No,No,508.4,11/11/2003,16/10/2014,
99,EMPRESAS PUBLICAS DE EL BAGRE E.S.P.,ANTIOQUIA,EL BAGRE,No,No,No,No,No,No,No,No,0,0,5/5/2011,
111,EMPRESAS VARIAS DE MEDELLIN  S.A. E.S. P.,ANTIOQUIA,DONMATIAS,Si,Si,Si,Si,Si,Si,Si,Si,500,1/1/2002,19/03/2004,
170,EMPRESA DE SERVICIOS PÚBLICOS DE EL COLEGIO E.S.P.,CUNDINAMARCA,EL COLEGIO,Si,Si,Si,Si,Si,Si,Si,Si,15,23/10/2007,23/10/2007,
170,EMPRESA DE SERVICIOS PÚBLICOS DE EL COLEGIO E.S.P.,CUNDINAMARCA,EL COLEGIO,Si,Si,Si,Si,Si,Si,Si,Si,15,18/12/2008,18/12/2008,
170,EMPRESA DE SERVICIOS PÚBLICOS DE EL COLEGIO E.S.P.,CUNDINAMARCA,EL COLEGIO,No,No,No,No,No,No,No,No,0,15/01/2004,26/05/2013,
170,EMPRESA DE SERVICIOS PÚBLICOS DE EL COLEGIO E.S.P.,CUNDINAMARCA,EL COLEGIO,No,No,No,No,No,No,No,No,0,15/01/2004,26/05/2013,
174,UNIDAD DE SERVICIOS PUBLICOS DOMICILIARIOS DEL MUNICIPIO DE FOSCA CUNDINAMARCA,CUNDINAMARCA,FOSCA,Si,Si,Si,No,No,Si,Si,Si,2,30/06/2008,30/06/2008,
174,UNIDAD DE SERVICIOS PUBLICOS DOMICILIARIOS DEL MUNICIPIO DE FOSCA CUNDINAMARCA,CUNDINAMARCA,FOSCA,Si,Si,Si,No,No,Si,Si,Si,2,30/06/2008,30/06/2008,
174,UNIDAD DE SERVICIOS PUBLICOS DOMICILIARIOS DEL MUNICIPIO DE FOSCA CUNDINAMARCA,CUNDINAMARCA,FOSCA,No,No,No,No,No,No,No,No,4,31/12/2012,8/12/2015,
179,OFICINA DE SERVICIOS PUBLICOS DE ACUEDUCTO,CUNDINAMARCA,GUADUAS,No,No,No,No,No,No,No,No,0,3/12/2005,3/12/2005,
179,OFICINA DE SERVICIOS PUBLICOS DE ACUEDUCTO,CUNDINAMARCA,GUADUAS,Si,Si,Si,Si,Si,Si,Si,Si,21,5/10/2006,5/10/2006,
181,OFICINA DE SERVICIOS PUBLICOS DOMICILIARIOS DE ACUEDUCTO,CUNDINAMARCA,GUTIERREZ,Si,Si,Si,Si,No,Si,Si,Si,1,11/6/2007,11/6/2007,
181,OFICINA DE SERVICIOS PUBLICOS DOMICILIARIOS DE ACUEDUCTO,CUNDINAMARCA,GUTIERREZ,Si,Si,Si,Si,Si,No,Si,Si,30,21/04/2008,21/04/2008,
181,OFICINA DE SERVICIOS PUBLICOS DOMICILIARIOS DE ACUEDUCTO,CUNDINAMARCA,GUTIERREZ,No,No,No,No,No,No,No,No,0,1/3/2016,19/03/2016,
187,OFICINA DE SERVICIOS PÚBLICOS DEL MUNICPIO DE VENECIA,CUNDINAMARCA,VENECIA,No,No,No,No,No,No,No,No,0,0,18/11/2019,
216,EMPRESAS PUBLICAS DE GARZON E.S.P.,HUILA,GARZON,Si,Si,Si,Si,Si,Si,Si,Si,50,14/03/2004,14/03/2004,
216,EMPRESAS PUBLICAS DE GARZON E.S.P.,HUILA,GARZON,Si,Si,Si,Si,Si,Si,Si,Si,120,12/11/2005,12/11/2005,
247,OFICINA DE SERVICIOS PUBLICOS DOMICILIARIOS DEL  MUNICIPIO CASTILLA LA NUEVA,META,CASTILLA LA NUEVA,Si,Si,Si,Si,Si,No,Si,Si,2,29/06/2008,29/06/2008,
251,EMPRESA DE SERVICIOS PÚBLICOS DE GRANADA ESP -  META,META,GRANADA,Si,Si,Si,Si,Si,Si,No,Si,25,15/12/2005,15/12/2005,
252,ALCALDIA DE MESETAS META,META,MESETAS,No,No,No,No,No,No,No,No,0,1/1/2011,14/12/2013,
312,EMPRESA DE SERVICIOS PÚBLICOS  MUNICIPALES DE LA UNIÓN NARIÑO E.I.C.E,NARINO,LA UNION,No,No,No,No,No,No,No,No,0,8/9/2009,8/9/2009,
315,EMPRESA DE SERVICIOS PUBLICOS DE SANDONA,NARINO,SANDONA,No,Si,Si,No,No,Si,No,Si,1,22/06/2007,22/06/2007,
315,EMPRESA DE SERVICIOS PUBLICOS DE SANDONA,NARINO,SANDONA,Si,Si,Si,Si,Si,No,No,No,8,18/10/2008,18/10/2008,
315,EMPRESA DE SERVICIOS PUBLICOS DE SANDONA,NARINO,SANDONA,No,No,No,No,No,No,No,No,2,13/11/2006,1/11/2013,
328,EMPRESAS MUNICIPALES DE TIBÚ E.S.P.,NORTE DE SANTANDER,TIBU,No,No,No,No,No,No,No,No,0,27/11/2006,27/11/2006,
328,EMPRESAS MUNICIPALES DE TIBÚ E.S.P.,NORTE DE SANTANDER,TIBU,Si,Si,Si,Si,Si,Si,Si,Si,18,19/04/2007,19/04/2007,
328,EMPRESAS MUNICIPALES DE TIBÚ E.S.P.,NORTE DE SANTANDER,TIBU,No,No,No,No,No,No,No,No,31,10/9/1999,14/12/2011,
338,EMPRESAS PUBLICAS MUNICIPALES DE QUINCHIA E.S.P,RISARALDA,QUINCHIA,Si,Si,Si,Si,Si,Si,Si,Si,4,16/01/2007,16/01/2007,
346,UNIDAD ADMINISTRADORA DE SERVICIOS PUBLICOS DE ACUEDUCTO ALCANTARILLADO Y ASEO DE BETULIA,SANTANDER,BETULIA,Si,Si,Si,Si,Si,No,Si,Si,8,8/5/2008,8/5/2008,
354,EMPRESA DE SERVICIOS VARIOS DEL MUNICIPIO DE RIONEGRO -SANTANDER-,SANTANDER,BUCARAMANGA,Si,Si,Si,Si,Si,Si,Si,Si,6000000,2/9/2008,2/9/2008,
354,EMPRESA DE SERVICIOS VARIOS DEL MUNICIPIO DE RIONEGRO -SANTANDER-,SANTANDER,BUCARAMANGA,Si,Si,Si,Si,Si,Si,Si,Si,6000000,2/2/2009,2/2/2009,
356,ACUEDUCTO MUNICIPAL SAN VICENTE DE CHUCURI,SANTANDER,SAN VICENTE DE CHUCURI,Si,Si,Si,Si,Si,No,Si,No,20,20/05/2008,20/05/2008,
356,ACUEDUCTO MUNICIPAL SAN VICENTE DE CHUCURI,SANTANDER,SAN VICENTE DE CHUCURI,Si,Si,Si,Si,Si,No,Si,No,20,20/05/2008,20/05/2008,
382,UNIDAD DE SERVICIOS PÚBLICOS DOMICILIARIOS DEL MUNICIPIO DE GUAITARILLA,NARINO,GUAITARILLA,Si,Si,Si,Si,Si,Si,Si,Si,1,7/5/2008,7/5/2008,
429,EMPRESA DE SERVICIOS PUBLICOS DE ACUEDUCTO ALCANTARILLADO Y ASEO DEL LIBANO E.S.P.,TOLIMA,LIBANO,Si,Si,Si,Si,No,Si,Si,Si,1,25/04/2008,25/04/2008,
453,MUNICIPIO DE RESTREPO VALLE,VALLE DEL CAUCA,RESTREPO,No,No,No,No,No,No,No,No,2.5,30/05/2008,22/05/2012,
465,EMPRESA MUNICIPAL DE SERVICIOS PUBLICOS DE ARAUCA E.S.P.,ARAUCA,ARAUCA,Si,Si,Si,Si,Si,Si,Si,Si,150,6/1/2005,6/1/2005,
469,EMPRESA DE SERVICIOS PUBLICOS DE TAME  CARIBABARE E.S.P.,ARAUCA,TAME,No,No,No,No,No,No,No,No,0,18/06/2008,18/06/2008,
469,EMPRESA DE SERVICIOS PUBLICOS DE TAME  CARIBABARE E.S.P.,ARAUCA,TAME,No,No,No,No,No,No,No,No,22.93,20/11/2002,27/05/2014,
474,SECRETARIA DE SERVICIOS PUBLICOS Y MEDIO AMBIENTE,ARCHIPIELAGO DE SAN ANDRES PROVIDENCIA Y SANTA CATALINA,SAN ANDRES,Si,Si,Si,Si,No,No,Si,No,0,13/08/2007,13/08/2007,
474,SECRETARIA DE SERVICIOS PUBLICOS Y MEDIO AMBIENTE,ARCHIPIELAGO DE SAN ANDRES PROVIDENCIA Y SANTA CATALINA,SAN ANDRES,Si,Si,Si,Si,No,No,Si,No,0,13/08/2007,13/08/2007,
565,MUNICIPIO DE CAMPAMENTO ANTIOQUIA,ANTIOQUIA,CAMPAMENTO,Si,Si,Si,No,Si,No,Si,Si,1,27/10/2008,27/10/2008,
565,MUNICIPIO DE CAMPAMENTO ANTIOQUIA,ANTIOQUIA,CAMPAMENTO,Si,Si,Si,No,Si,No,Si,Si,1,28/10/2008,28/10/2008,
569,EMPRESA MUNICIPAL DE SERVICIOS PUBLICOS DE CARTAGENA DEL CHAIRA,CAQUETA,CARTAGENA DEL CHAIRA,Si,Si,No,Si,No,No,No,Si,0.03,0,7/8/2010,
571,EMPRESAS PUBLICAS DE PALERMO E.S.P,HUILA,PALERMO,Si,Si,Si,Si,Si,Si,Si,Si,30,16/11/2005,16/11/2005,
571,EMPRESAS PUBLICAS DE PALERMO E.S.P,HUILA,PALERMO,Si,Si,Si,Si,Si,Si,Si,Si,30,10/4/2007,10/4/2007,
574,MUNICIPIO DE GUAMAL -UNIDAD DE SERVICIO PUBLICO DE ASEO,META,VILLAVICENCIO,Si,Si,Si,Si,Si,Si,Si,Si,243,0,30/06/2011,
579,DIRECCION MUNICIPAL DE SERVICIOS PUBLICOS DOMICILIARIOS DE AMAGA ANTIOQUIA,ANTIOQUIA,AMAGA,Si,Si,Si,Si,No,Si,Si,Si,15,12/11/2009,12/11/2009,
579,DIRECCION MUNICIPAL DE SERVICIOS PUBLICOS DOMICILIARIOS DE AMAGA ANTIOQUIA,ANTIOQUIA,AMAGA,Si,Si,Si,Si,Si,Si,Si,Si,10,0,7/5/2010,
582,EMPRESAS PÚBLICAS  DE URRAO E.S.P.,ANTIOQUIA,URRAO,Si,Si,Si,Si,Si,Si,Si,Si,2,14/09/2006,14/09/2006,
582,EMPRESAS PÚBLICAS  DE URRAO E.S.P.,ANTIOQUIA,URRAO,No,No,No,No,No,No,No,No,4.47,12/9/2009,30/03/2012,
622,EMPRESA COMUNITARIA DE ACUEDUCTO,ARAUCA,SARAVENA,Si,Si,No,Si,Si,Si,No,Si,1,13/06/2007,13/06/2007,
626,EMPRESA METROPOLITANA DE ASEO S.A.  E.S.P.,CALDAS,MANIZALES,Si,Si,Si,Si,Si,Si,Si,Si,30,16/02/2004,16/02/2004,
640,COMPAÑÍA DE SERVICIOS PÚBLICOS DE SOGAMOSO S.A. E.S.P.,BOYACA,SOGAMOSO,Si,Si,Si,Si,Si,Si,No,Si,15,3/12/2007,3/12/2007,
640,COMPAÑÍA DE SERVICIOS PÚBLICOS DE SOGAMOSO S.A. E.S.P.,BOYACA,SOGAMOSO,No,No,No,No,No,No,No,No,20,3/2/2003,22/02/2013,
641,EMPRESA MUNICIPAL DE SERVICIOS PÚBLICOS DE TAURAMENA S.A. E.S.P.,CASANARE,TAURAMENA,Si,Si,Si,Si,Si,Si,Si,Si,120,19/03/2009,19/03/2009,
652,EMPRESA DE SERVICIOS PUBLICOS  DE ACUEDUCTO,CESAR,AGUACHICA,No,No,No,No,No,No,No,No,0,12/9/2006,12/9/2006,
662,OFICINA DE SERVICIOS PUBLICOS DOMICILIARIOS DEL MUNICIPIO DE UBATE,CUNDINAMARCA,VILLA DE SAN DIEGO DE UBATE,Si,Si,Si,Si,Si,Si,Si,No,15,25/05/2008,25/05/2008,
675,SECRETARIA DE SERVICIOS PUBLICOS DEL MUNICIPIO DE PAIPA,BOYACA,PAIPA,Si,Si,Si,Si,Si,Si,Si,Si,12,20/01/2008,20/01/2008,
686,UNIDAD DE SERVICIOS PUBLICOS DOMICILIARIOS DEL MUNICIPIO DE CABRERA,CUNDINAMARCA,CABRERA,Si,Si,Si,Si,No,Si,Si,Si,6,22/04/2008,22/04/2008,
704,EMPRESA DE SERVICIOS PUBLICOS DOMICILIARIOS DE GUARNE AQUATERRA E.S.P,ANTIOQUIA,GUARNE,Si,Si,Si,Si,Si,Si,Si,Si,15,27/10/2005,27/10/2005,
706,UNIDAD DE SERVICIOS PUBLICOS DOMICILIARIOS DEL MUNICIPIO DE SAN JOSE DE LA MONTAÑA,ANTIOQUIA,SAN JOSE DE LA MONTANA,Si,Si,Si,Si,Si,Si,Si,Si,1,7/5/2007,7/5/2007,
706,UNIDAD DE SERVICIOS PUBLICOS DOMICILIARIOS DEL MUNICIPIO DE SAN JOSE DE LA MONTAÑA,ANTIOQUIA,SAN JOSE DE LA MONTANA,Si,Si,Si,Si,No,No,Si,Si,1,7/5/2007,7/5/2007,
706,UNIDAD DE SERVICIOS PUBLICOS DOMICILIARIOS DEL MUNICIPIO DE SAN JOSE DE LA MONTAÑA,ANTIOQUIA,SAN JOSE DE LA MONTANA,Si,Si,Si,Si,Si,Si,Si,Si,4,28/04/2008,28/04/2008,
706,UNIDAD DE SERVICIOS PUBLICOS DOMICILIARIOS DEL MUNICIPIO DE SAN JOSE DE LA MONTAÑA,ANTIOQUIA,SAN JOSE DE LA MONTANA,No,No,No,No,No,No,No,No,2,26/09/2006,17/05/2012,
712,EMPRESA DE SERVICIOS PÚBLICOS DE AGUA POTABLE,HUILA,GUADALUPE,Si,Si,Si,Si,Si,Si,Si,Si,40,1/9/2008,1/9/2008,
714,EMPRESA DE SERVICIOS PUBLICOS DOMICILIARIOS DE TUQUERRES E.S.P.,NARINO,TUQUERRES,Si,Si,Si,Si,Si,Si,Si,Si,8,18/06/2008,18/06/2008,
714,EMPRESA DE SERVICIOS PUBLICOS DOMICILIARIOS DE TUQUERRES E.S.P.,NARINO,TUQUERRES,No,No,No,No,No,No,No,No,5,7/3/2007,20/03/2013,
722,ACUASAN E.I.C.E  E.S.P,SANTANDER,SAN GIL,Si,Si,Si,Si,No,Si,No,Si,6,21/09/2006,21/09/2006,
724,UNIDAD ADMINISTRADORA DE SERVICIOS PUBLICOS ACUEDUCTO ALCANTARILLADO Y ASEO,SANTANDER,BARICHARA,Si,Si,Si,Si,No,No,No,No,0,8/5/2009,8/5/2009,
724,UNIDAD ADMINISTRADORA DE SERVICIOS PUBLICOS ACUEDUCTO ALCANTARILLADO Y ASEO,SANTANDER,BARICHARA,Si,Si,Si,Si,No,No,No,No,0,8/5/2009,8/5/2009,
724,UNIDAD ADMINISTRADORA DE SERVICIOS PUBLICOS ACUEDUCTO ALCANTARILLADO Y ASEO,SANTANDER,BARICHARA,Si,Si,No,No,No,No,No,No,0,8/5/2009,8/5/2009,
726,UNIDAD MUNICIPAL DE SERVICIOS PUBLCIOS DOMICILIARIOS DE ANGOSTURA-ANTIOQUIA,ANTIOQUIA,ANGOSTURA,Si,Si,Si,No,No,No,Si,Si,2,16/04/2009,16/04/2009,
734,EMPRESA DE ACUEDUCTO ALCANTARILLADO Y ASEO DE PUERTO ASIS E.S.P.,PUTUMAYO,PUERTO ASIS,Si,Si,Si,Si,No,Si,Si,Si,1,4/11/2008,4/11/2008,
739,EMPRESA DE SERVICIOS PUBLICOS DE PAMPLONA S.A. E.S.P.,NORTE DE SANTANDER,PAMPLONA,No,No,No,No,No,No,No,No,0,21/09/2006,21/09/2006,
740,EMPRESA DE SERVICIOS PUBLICOS VARIOS DE PUPIALES,NARINO,PUPIALES,Si,Si,Si,Si,Si,Si,Si,Si,6,20/02/2009,20/02/2009,
764,OFICINA DE SERVICIOS PUBLICOS DOMICILIARIOS DE RIOBLANCO TOLIMA,TOLIMA,RIOBLANCO,Si,Si,Si,Si,No,Si,Si,Si,2,10/6/2008,10/6/2008,
770,EMPRESA DE SERVICIOS PUBLICOS DEL MUNICIPIO DE PACHO CUNDINAMARCA S.A. E.S.P.M.P ESP,CUNDINAMARCA,PACHO,No,No,No,No,No,No,No,No,0,17/10/2006,17/10/2006,
771,EMPRESA DE SERVICIOS PUBLICOS DOMICILIARIOS DEL MUNICIPIO DE SIBATE E.S.P.,CUNDINAMARCA,SIBATE,Si,Si,Si,Si,No,Si,Si,Si,15,11/7/2006,11/7/2006,
771,EMPRESA DE SERVICIOS PUBLICOS DOMICILIARIOS DEL MUNICIPIO DE SIBATE E.S.P.,CUNDINAMARCA,SIBATE,Si,Si,Si,Si,No,Si,Si,Si,15,11/7/2006,11/7/2006,
790,DIRECCION DE SERVICIOS PUBLICOS DEL MUNICIPIO DE PIEDRAS,TOLIMA,PIEDRAS,Si,Si,Si,Si,No,No,Si,Si,5,30/06/2008,30/06/2008,
793,EMPRESA DE SERVICIOS PUBLICOS  DE FRONTINO E.S.P. FRONTINO,ANTIOQUIA,FRONTINO,Si,Si,Si,No,No,No,Si,Si,5,5/1/2009,5/1/2009,
793,EMPRESA DE SERVICIOS PUBLICOS  DE FRONTINO E.S.P. FRONTINO,ANTIOQUIA,FRONTINO,No,No,No,No,No,No,No,No,1,1/1/2010,17/12/2013,
794,AGUAS Y ASEO DE EL PEÑOL E.S.P.,ANTIOQUIA,PENOL,Si,Si,Si,Si,Si,No,Si,Si,4,11/7/2007,11/7/2007,
806,BIOAGRICOLA DEL LLANO S.A  EMPRESA DE SERVICIOS PUBLICOS,META,VILLAVICENCIO,Si,Si,Si,Si,Si,Si,Si,Si,1,7/5/2007,7/5/2007,
806,BIOAGRICOLA DEL LLANO S.A  EMPRESA DE SERVICIOS PUBLICOS,META,VILLAVICENCIO,Si,Si,Si,Si,Si,Si,Si,No,1,15/03/2008,15/03/2008,
806,BIOAGRICOLA DEL LLANO S.A  EMPRESA DE SERVICIOS PUBLICOS,META,VILLAVICENCIO,No,No,No,No,No,No,No,No,1.2,1/11/2002,1/4/2017,
824,UNIDAD ADMINISTRADORA DE LOS SERVICOS PUBLICOS DE SURATA,SANTANDER,SURATA,Si,Si,Si,Si,No,Si,Si,Si,6,16/05/2008,16/05/2008,
825,UNIDAD DE SERVICIOS PUBLICOS DOMICILIOS DE ACUERDO,SANTANDER,CHARALA,Si,Si,Si,Si,Si,Si,Si,Si,17,30/10/2007,30/10/2007,
825,UNIDAD DE SERVICIOS PUBLICOS DOMICILIOS DE ACUERDO,SANTANDER,CHARALA,Si,Si,Si,Si,Si,Si,Si,Si,17,14/05/2008,14/05/2008,
835,MUNICIPIO DE ARGELIA CAUCA,CAUCA,ARGELIA,Si,Si,Si,Si,No,No,Si,Si,4,28/06/2008,28/06/2008,
838,UNIDAD DE SERVICIOS PUBLICOS DOMICILIARIOS MUNICIPIO DE ALEJANDRIA,ANTIOQUIA,ALEJANDRIA,Si,Si,Si,Si,Si,Si,Si,Si,2,30/06/2008,30/06/2008,
838,UNIDAD DE SERVICIOS PUBLICOS DOMICILIARIOS MUNICIPIO DE ALEJANDRIA,ANTIOQUIA,ALEJANDRIA,Si,Si,Si,Si,No,No,Si,Si,1,30/06/2008,30/06/2008,
856,GRUPO DE ASEO MUNICIPAL DE POPAYAN,CAUCA,POPAYAN,No,No,No,No,No,No,No,No,0,15/09/2006,15/09/2006,
856,GRUPO DE ASEO MUNICIPAL DE POPAYAN,CAUCA,POPAYAN,No,No,No,No,No,No,No,No,0,15/09/2006,15/09/2006,
861,UNIDAD ADMINISTRADORA DE LOS SERVICIOS PUBLICOS DE ACUEDUCTO,SANTANDER,CARCASI,Si,Si,Si,Si,Si,Si,Si,Si,0.2,0,22/08/2013,
861,UNIDAD ADMINISTRADORA DE LOS SERVICIOS PUBLICOS DE ACUEDUCTO,SANTANDER,CARCASI,No,No,No,No,No,No,No,No,0.05,2/2/2009,31/05/2014,
862,MUNICIPIO DE NOBSA,BOYACA,NOBSA,Si,Si,Si,Si,Si,Si,No,Si,6,13/04/2009,13/04/2009,
866,PAZ DE ARIPORO S.A.  E.S.P.,CASANARE,PAZ DE ARIPORO,Si,Si,Si,Si,Si,No,Si,No,25,18/06/2008,18/06/2008,
905,EMPRESA OFICIAL DE ACUEDUCTO,SUCRE,SAMPUES,No,No,No,No,No,No,No,No,0,26/06/2006,26/06/2006,
928,DIRECCIÓN DE SERVICIOS PÚBLICOS DOMICILIARIOS DEL MUNICIPIO DE SAN RAFAEL ANTIOQUIA,ANTIOQUIA,SAN RAFAEL,Si,Si,Si,Si,Si,Si,Si,Si,2,31/07/2008,31/07/2008,
982,UNIDAD DE SERVICIOS PUBLICOS DOMICILIARIOS DEL MUNICIPIO DE SANTA MARIA BOYACA,BOYACA,SANTA MARIA,Si,Si,Si,Si,Si,Si,Si,Si,4,7/5/2008,7/5/2008,
982,UNIDAD DE SERVICIOS PUBLICOS DOMICILIARIOS DEL MUNICIPIO DE SANTA MARIA BOYACA,BOYACA,SANTA MARIA,Si,Si,Si,Si,Si,Si,Si,Si,4,7/5/2008,7/5/2008,
1001,EMPRESAS PUBLICAS MUNICIPALES DE MALAGA  E.S.P.,SANTANDER,MALAGA,Si,Si,Si,Si,Si,No,Si,Si,13,30/11/2006,30/11/2006,
1004,MUNICIPIO DE ANOLAIMA,CUNDINAMARCA,ANOLAIMA,No,Si,Si,Si,Si,Si,Si,Si,7,30/06/2008,30/06/2008,
1004,MUNICIPIO DE ANOLAIMA,CUNDINAMARCA,ANOLAIMA,No,Si,Si,Si,Si,Si,Si,Si,5,30/12/2008,30/12/2008,
1007,EMPRESA DE ACUEDUCTO,CORDOBA,LORICA,Si,Si,Si,Si,No,Si,No,Si,30,27/10/2006,27/10/2006,
1009,DIRECCIÓN DE SERVICIOS PÚBLICOS MUNICIPIO DE GUAYABETAL CUNDINAMARCA,CUNDINAMARCA,GUAYABETAL,Si,Si,Si,No,No,Si,Si,Si,3,22/04/2008,22/04/2008,
1009,DIRECCIÓN DE SERVICIOS PÚBLICOS MUNICIPIO DE GUAYABETAL CUNDINAMARCA,CUNDINAMARCA,GUAYABETAL,No,No,No,No,No,No,No,No,100,30/08/2001,12/5/2012,
1012,UNIDAD DE SERVICIOS PUBLICOS MUNICIPIO EL CARMEN,SANTANDER,EL CARMEN DE CHUCURI,Si,Si,Si,Si,No,No,Si,Si,20,20/05/2008,20/05/2008,
1012,UNIDAD DE SERVICIOS PUBLICOS MUNICIPIO EL CARMEN,SANTANDER,EL CARMEN DE CHUCURI,Si,Si,Si,Si,No,No,Si,Si,20,20/05/2008,20/05/2008,
1017,UNIDAD ADMINISTRATIVA ESPECIAL DE SERVICIOS PUBLICOS DOMICILIARIOS DE VILLANUEVA CASANARE,CASANARE,VILLANUEVA,No,Si,Si,Si,Si,Si,No,No,1,9/4/2007,9/4/2007,
1017,UNIDAD ADMINISTRATIVA ESPECIAL DE SERVICIOS PUBLICOS DOMICILIARIOS DE VILLANUEVA CASANARE,CASANARE,VILLANUEVA,No,Si,Si,Si,Si,Si,No,No,2,9/4/2007,9/4/2007,
1017,UNIDAD ADMINISTRATIVA ESPECIAL DE SERVICIOS PUBLICOS DOMICILIARIOS DE VILLANUEVA CASANARE,CASANARE,VILLANUEVA,Si,Si,Si,Si,Si,Si,Si,No,20,9/4/2007,9/4/2007,
1017,UNIDAD ADMINISTRATIVA ESPECIAL DE SERVICIOS PUBLICOS DOMICILIARIOS DE VILLANUEVA CASANARE,CASANARE,VILLANUEVA,Si,Si,Si,Si,Si,Si,Si,No,30,24/01/2008,24/01/2008,
1034,JUNTA MUNICIPAL DE SERVICIOS PUBLICOS DEL MUNICIPIO DE PAUNA,BOYACA,PAUNA,Si,Si,Si,Si,Si,No,Si,Si,2,28/04/2008,28/04/2008,
1034,JUNTA MUNICIPAL DE SERVICIOS PUBLICOS DEL MUNICIPIO DE PAUNA,BOYACA,PAUNA,No,No,No,No,No,No,No,No,1,1/6/1997,7/5/2012,
1055,AGUAS MANANTIALES DE PACORA  S.A.  E.S.P.,CALDAS,PACORA,Si,Si,Si,Si,No,Si,Si,No,2,4/11/2008,4/11/2008,
1055,AGUAS MANANTIALES DE PACORA  S.A.  E.S.P.,CALDAS,PACORA,Si,Si,Si,Si,No,Si,Si,Si,2,5/11/2008,5/11/2008,
1104,MUNICIPIO DE TURMEQUE,BOYACA,TURMEQUE,No,Si,No,Si,No,No,Si,No,8,30/06/2008,30/06/2008,
1138,ALCALDIA DE MARIALABAJA,BOLIVAR,MARIA LA BAJA,No,No,No,No,No,No,No,No,0,0,14/05/2012,
1149,EMPRESA DE SERVICIOS  PUBLICOS DE GUATAPE S.A.S E.S.P,ANTIOQUIA,GUATAPE,Si,Si,Si,No,No,No,Si,Si,1,0,23/08/2010,
1149,EMPRESA DE SERVICIOS  PUBLICOS DE GUATAPE S.A.S E.S.P,ANTIOQUIA,GUATAPE,Si,Si,Si,Si,Si,Si,Si,Si,1,0,23/08/2010,
1149,EMPRESA DE SERVICIOS  PUBLICOS DE GUATAPE S.A.S E.S.P,ANTIOQUIA,GUATAPE,No,No,No,No,No,No,No,No,1,29/01/1998,3/12/2013,
1168,UNIDAD DE SERVICIOS PUBLICOS DE SAN ANDRES SANTANDER,SANTANDER,SAN ANDRES,Si,Si,Si,Si,No,No,Si,Si,20,3/5/2008,3/5/2008,
1168,UNIDAD DE SERVICIOS PUBLICOS DE SAN ANDRES SANTANDER,SANTANDER,SAN ANDRES,Si,Si,Si,Si,Si,No,Si,Si,25,29/05/2008,29/05/2008,
1190,UNIDAD MUNICIPAL DE SERVICIOS PÚBLICOS DE TENERIFE,MAGDALENA,TENERIFE,No,No,No,No,No,No,No,No,0,1/1/2000,28/07/2012,
1211,EMPRESA DE SERVICIOS PUBLICOS DE LA PLATA HUILA E.S.P.,HUILA,LA PLATA,Si,Si,Si,Si,Si,No,Si,Si,15,27/02/2004,27/02/2004,
1276,COOPERATIVA DE TRABAJO ASOCIADO DE RECICLADORES Y RECOLECTORES DE AGUACHICA,CESAR,AGUACHICA,No,No,No,No,No,No,No,No,1,16/07/2008,16/07/2008,
1291,MUNICIPIO DE BRICEÑO,ANTIOQUIA,BRICENO,Si,Si,Si,Si,Si,Si,Si,Si,1,24/04/2008,24/04/2008,
1292,EMPRESAS PUBLICAS DE VENECIA S.A. E.S.P.,ANTIOQUIA,VENECIA,Si,Si,Si,Si,Si,Si,Si,Si,2,27/02/2009,27/02/2009,
1292,EMPRESAS PUBLICAS DE VENECIA S.A. E.S.P.,ANTIOQUIA,VENECIA,No,No,No,No,No,No,No,No,0.22,14/05/2010,31/07/2015,
1349,COORDINACION DE SERVICIOS PUBLICOS DE ACUEDUCTO,ANTIOQUIA,BURITICA,Si,Si,Si,Si,No,Si,Si,Si,1,22/03/2007,22/03/2007,
1349,COORDINACION DE SERVICIOS PUBLICOS DE ACUEDUCTO,ANTIOQUIA,BURITICA,Si,Si,Si,Si,No,No,Si,Si,2,13/05/2008,13/05/2008,
1375,EMPRESAS PUBLICAS DE ABEJORRAL E.S.P.,ANTIOQUIA,ABEJORRAL,Si,Si,Si,No,Si,No,No,Si,1,14/08/2008,14/08/2008,
1380,EMPRESA DE SERVICOS PUBLICOS DE EL COPEY E.S.P.,CESAR,EL COPEY,No,No,No,No,No,No,No,No,0,14/09/2006,14/09/2006,
1405,SECRETARIA DE SERVICIOS PUBLICOS MUNICIPIO DE SAN VICENTE,ANTIOQUIA,SAN VICENTE FERRER,Si,Si,Si,Si,Si,Si,Si,Si,5,18/12/2007,18/12/2007,
1405,SECRETARIA DE SERVICIOS PUBLICOS MUNICIPIO DE SAN VICENTE,ANTIOQUIA,SAN VICENTE FERRER,Si,Si,Si,Si,Si,No,Si,Si,1,25/04/2008,25/04/2008,
1405,SECRETARIA DE SERVICIOS PUBLICOS MUNICIPIO DE SAN VICENTE,ANTIOQUIA,SAN VICENTE FERRER,No,No,No,No,No,No,No,No,0.5,31/12/2009,20/10/2015,
1407,ALCALDIA MUNICIPAL DE ALBAN - NARIÑO,NARINO,ALBAN,Si,Si,Si,Si,Si,Si,Si,Si,1,6/5/2008,6/5/2008,
1409,UNIDAD DE SERVICIOS PUBLICOS DE PAZ DE RIO,BOYACA,PAZ DE RIO,Si,Si,Si,Si,Si,Si,No,Si,2,29/04/2008,29/04/2008,
1409,UNIDAD DE SERVICIOS PUBLICOS DE PAZ DE RIO,BOYACA,PAZ DE RIO,No,No,No,No,No,No,No,No,0,9/7/2003,10/7/2012,
1416,UNIDAD DE SERVICIOS PUBLICOS DE ACUEDUCTO-ALCANTARILLADO Y ASEO DEL MUNICIPIO DE CUASPUD,NARINO,CUASPUD,Si,Si,Si,Si,Si,Si,Si,Si,913,31/10/2007,31/10/2007,
1416,UNIDAD DE SERVICIOS PUBLICOS DE ACUEDUCTO-ALCANTARILLADO Y ASEO DEL MUNICIPIO DE CUASPUD,NARINO,CUASPUD,Si,Si,Si,Si,Si,Si,Si,Si,1,7/5/2008,7/5/2008,
1427,EMPRESA DE SERVICIOS PUBLICOS DEL MUNICIPIO DE  SANTANA,BOYACA,SANTANA,Si,Si,Si,Si,No,No,Si,Si,5,4/5/2009,4/5/2009,
1462,MUNICIPIO DE LA VICTORIA,VALLE DEL CAUCA,LA VICTORIA,Si,Si,Si,Si,No,No,Si,Si,8,4/8/2007,4/8/2007,
1462,MUNICIPIO DE LA VICTORIA,VALLE DEL CAUCA,LA VICTORIA,Si,Si,Si,Si,No,No,Si,Si,8,4/8/2007,4/8/2007,
1462,MUNICIPIO DE LA VICTORIA,VALLE DEL CAUCA,LA VICTORIA,Si,Si,Si,Si,No,No,Si,Si,8,4/8/2007,4/8/2007,
1462,MUNICIPIO DE LA VICTORIA,VALLE DEL CAUCA,LA VICTORIA,Si,Si,Si,Si,No,No,Si,Si,8,4/8/2007,4/8/2007,
1472,OFICINA DE SERVICIOS PUBLICOS DE ASEO,CUNDINAMARCA,NIMAIMA,Si,Si,Si,Si,Si,Si,Si,Si,5,21/04/2008,21/04/2008,
1476,EMPRESA DE SERVICIOS DOMICILIARIOS DE CAJAMARCA - TOLIMA,TOLIMA,CAJAMARCA,Si,Si,Si,No,No,Si,No,Si,6,0,9/7/2010,
1476,EMPRESA DE SERVICIOS DOMICILIARIOS DE CAJAMARCA - TOLIMA,TOLIMA,CAJAMARCA,Si,Si,Si,No,No,No,Si,Si,6,0,9/7/2010,
1498,UNIDAD DE SERVICIOS PUBLICOS DEL MUNICIPIO DE TONA,SANTANDER,TONA,Si,Si,Si,No,No,Si,Si,Si,48,17/06/2008,17/06/2008,
1498,UNIDAD DE SERVICIOS PUBLICOS DEL MUNICIPIO DE TONA,SANTANDER,TONA,No,No,No,No,No,No,No,No,48,17/06/2008,7/11/2013,
1511,SECRETARIA DE SERVICIOS PUBLICOS DE ACUEDUCTO ALCANTARILLADO Y ASEO EL PLAYON,SANTANDER,EL PLAYON,Si,Si,Si,No,No,Si,Si,Si,4,4/6/2007,4/6/2007,
1511,SECRETARIA DE SERVICIOS PUBLICOS DE ACUEDUCTO ALCANTARILLADO Y ASEO EL PLAYON,SANTANDER,EL PLAYON,Si,Si,Si,No,No,Si,Si,Si,3,8/5/2008,8/5/2008,
1511,SECRETARIA DE SERVICIOS PUBLICOS DE ACUEDUCTO ALCANTARILLADO Y ASEO EL PLAYON,SANTANDER,EL PLAYON,No,No,No,No,No,No,No,No,4,10/10/2000,17/04/2012,
1525,MUNICIPIO DE SEGOVIA,ANTIOQUIA,SEGOVIA,Si,Si,Si,Si,Si,No,Si,Si,10,26/03/2007,26/03/2007,
1570,ALCALDIA DE CABUYARO META,META,CABUYARO,Si,Si,Si,Si,Si,Si,Si,No,4,17/11/2008,17/11/2008,
1644,EMPRESA MUNICIPAL DE SERVICIOS PUBLICOS DOMICILIARIOS DE ACUEDUCTO,SANTANDER,SABANA DE TORRES,No,No,No,No,No,No,No,No,1.6,15/04/1997,7/6/2012,
1644,EMPRESA MUNICIPAL DE SERVICIOS PUBLICOS DOMICILIARIOS DE ACUEDUCTO,SANTANDER,SABANA DE TORRES,Si,Si,No,No,No,Si,Si,No,10,0,11/10/2012,
1652,EMPRESA DE SERVICIOS PUBLICOS DE ACUEDUCTO,SANTANDER,CERRITO,No,No,No,No,No,No,No,No,2,11/7/2011,22/03/2012,
1665,UNIDAD DE SERVICIOS PUBLICOS DE ENCISO,SANTANDER,ENCISO,No,No,No,No,No,No,No,No,0.05,8/6/2011,10/12/2013,
1710,OFICINA DE SERVICIOS PUBLICOS DOMICILIARIOS  DEL MUNICIPIO DE RONCESVALLES,TOLIMA,RONCESVALLES,Si,Si,Si,Si,Si,Si,Si,Si,1,28/06/2008,28/06/2008,
1789,UNIDAD DE SERVICIOS PÚBLICOS DOMICILIARIOS  DEL MUNICIPIO DE DABEIBA,ANTIOQUIA,DABEIBA,Si,Si,Si,Si,Si,Si,Si,Si,10,23/04/2008,23/04/2008,
1804,EMPRESA MUNICIPAL DE SERVICIOS PUBLICOS DE TIMBIO CAUCA E.S.P.,CAUCA,TIMBIO,No,Si,Si,Si,Si,No,No,No,15,19/04/2008,19/04/2008,
1818,MUNICIPIO DE CONCEPCION,ANTIOQUIA,CONCEPCION,Si,Si,Si,Si,No,No,Si,Si,1,23/04/2008,23/04/2008,
1863,EMPRESAS PÚBLICAS MUNICIPALES DE CONCORDIA E.S.P.,ANTIOQUIA,CONCORDIA,Si,Si,Si,Si,Si,Si,Si,Si,2,15/05/2008,15/05/2008,
1863,EMPRESAS PÚBLICAS MUNICIPALES DE CONCORDIA E.S.P.,ANTIOQUIA,CONCORDIA,Si,Si,Si,Si,Si,Si,Si,Si,3,12/11/2008,12/11/2008,
1863,EMPRESAS PÚBLICAS MUNICIPALES DE CONCORDIA E.S.P.,ANTIOQUIA,CONCORDIA,No,No,No,No,No,No,No,No,2,3/7/2003,20/03/2014,
1895,EMPRESA DE SERVICOS PUBLICOS DE ACANDI S.A E.S.P.,CHOCO,ACANDI,No,No,No,No,No,No,No,No,0,2/1/2006,4/7/2018,
2005,EMPRESAS PÚBLICAS DE LA CEJA E.S.P.,ANTIOQUIA,LA CEJA,Si,Si,Si,Si,No,Si,Si,Si,2,6/9/2004,6/9/2004,
2077,EMPRESA OFICIAL DE ACUEDUCTO ALCANTARILLADO Y ASEO DE CHINU ESP. EN LIQUIDACION,CORDOBA,CHINU,No,No,No,No,No,No,No,No,0,0,2/5/2013,
2084,UNIDAD ADMINISTRATIVA ESPECIAL DE SERVICIOS PUBLICOS DOMICILIARIOS DE CAROLINA DEL PRINCIPE,ANTIOQUIA,CAROLINA,Si,Si,Si,No,No,Si,Si,Si,1,8/2/2007,8/2/2007,
2084,UNIDAD ADMINISTRATIVA ESPECIAL DE SERVICIOS PUBLICOS DOMICILIARIOS DE CAROLINA DEL PRINCIPE,ANTIOQUIA,CAROLINA,Si,Si,Si,Si,Si,Si,Si,Si,5,13/03/2008,13/03/2008,
2147,BIORGANICOS DEL SUR DEL HUILA S.A  E.S.P.,HUILA,PITALITO,Si,Si,Si,Si,Si,Si,Si,Si,100,2/11/2007,2/11/2007,
2147,BIORGANICOS DEL SUR DEL HUILA S.A  E.S.P.,HUILA,PITALITO,Si,Si,Si,Si,Si,Si,Si,Si,100,2/11/2007,2/11/2007,
2147,BIORGANICOS DEL SUR DEL HUILA S.A  E.S.P.,HUILA,PITALITO,Si,Si,Si,Si,No,Si,Si,Si,80,27/10/2008,27/10/2008,
2153,SECRETARIA DE SERVICIOS PÚBLICOS DOMICILIARIOS DEL MUNICIPIO DE SASAIMA - CUNDINAMARCA,CUNDINAMARCA,SASAIMA,Si,Si,Si,Si,Si,Si,Si,Si,6,7/12/2009,7/12/2009,
2163,EMPRESA DE SERVICIOS PÚBLICOS DE ACACIAS ESP,META,ACACIAS,Si,Si,Si,Si,Si,No,Si,Si,120,12/12/2005,12/12/2005,
2163,EMPRESA DE SERVICIOS PÚBLICOS DE ACACIAS ESP,META,ACACIAS,No,No,No,No,No,No,No,No,67,20/02/1997,12/12/2011,
2222,UNIDAD DE SERVICIOS PUBLICOS DOMICILIARIOS DE PUEBLORRICO,ANTIOQUIA,PUEBLORRICO,Si,Si,Si,Si,Si,Si,Si,Si,2,3/11/2007,3/11/2007,
2222,UNIDAD DE SERVICIOS PUBLICOS DOMICILIARIOS DE PUEBLORRICO,ANTIOQUIA,PUEBLORRICO,Si,Si,Si,Si,No,Si,Si,Si,8,24/05/2008,24/05/2008,
2256,EMPRESA DE SERVICIOS  DE ASEO DE VALLEDUPAR S.A.  E.S.P. ASEOUPAR S.A. E.S.P.,CESAR,VALLEDUPAR,No,No,No,No,No,No,No,No,0,12/9/2006,12/9/2006,
2268,EMPRESAS PUBLICAS DEL MUNICIPIO DE EL SANTUARIO E.S.P.,ANTIOQUIA,EL SANTUARIO,Si,Si,Si,Si,Si,No,Si,Si,4,11/9/2006,11/9/2006,
2268,EMPRESAS PUBLICAS DEL MUNICIPIO DE EL SANTUARIO E.S.P.,ANTIOQUIA,EL SANTUARIO,No,No,No,No,No,No,No,No,50,11/9/1990,20/04/2014,
2278,ASESORIAS Y SERVICIOS E.S.P. S.A.,ANTIOQUIA,AMALFI,Si,Si,Si,Si,Si,Si,Si,Si,1,12/7/2007,12/7/2007,
2278,ASESORIAS Y SERVICIOS E.S.P. S.A.,ANTIOQUIA,AMALFI,Si,Si,Si,Si,Si,Si,Si,Si,2,17/04/2008,17/04/2008,
2278,ASESORIAS Y SERVICIOS E.S.P. S.A.,ANTIOQUIA,AMALFI,No,No,No,No,No,No,No,No,2,30/07/2010,10/11/2011,
2303,EMPRESA DE SERVICIOS PUBLICOS DE SAN JOSE DE LA MARINILLA E.S.P.,ANTIOQUIA,MARINILLA,Si,Si,Si,Si,Si,Si,Si,Si,1,12/10/2004,12/10/2004,
2303,EMPRESA DE SERVICIOS PUBLICOS DE SAN JOSE DE LA MARINILLA E.S.P.,ANTIOQUIA,MARINILLA,No,No,No,No,No,No,No,No,5,19/05/2009,14/10/2011,
2310,EMPRESA DE SEVICIOS PUBLICOS DE ACUEDUCTO,CAUCA,EL TAMBO,No,No,No,No,No,No,No,No,0.5,1/1/2007,7/11/2014,
2311,EMPRESA DE RECICLAJE,CORDOBA,MONTELIBANO,No,No,No,No,No,No,No,No,3,1/6/2014,9/2/2016,
2311,EMPRESA DE RECICLAJE,CORDOBA,MONTELIBANO,No,No,No,No,No,No,No,No,1.5,1/1/2013,9/2/2016,
2356,EMPRESA DE SERVICIOS PÚBLICOS DE GRANADA,ANTIOQUIA,GRANADA,No,No,No,No,No,No,No,No,0.7,1/12/2010,17/04/2012,
2356,EMPRESA DE SERVICIOS PÚBLICOS DE GRANADA,ANTIOQUIA,GRANADA,No,No,No,No,No,No,No,No,1,1/12/2010,17/04/2012,
2372,EMPRESA DE ASEO DE BUCARAMANGA S.A. E.S.P.,SANTANDER,BUCARAMANGA,Si,Si,Si,Si,Si,Si,Si,Si,5,13/09/2006,13/09/2006,
2372,EMPRESA DE ASEO DE BUCARAMANGA S.A. E.S.P.,SANTANDER,BUCARAMANGA,No,No,No,No,No,No,No,No,0,2/12/2013,4/12/2013,
2374,EMPRESAS PÚBLICAS MUNICIPALES DE BELEN DE UMBRIA S.A.S.  E.S.P.,RISARALDA,BELEN DE UMBRIA,No,No,No,No,No,No,No,No,0,11/9/2006,11/9/2006,
2374,EMPRESAS PÚBLICAS MUNICIPALES DE BELEN DE UMBRIA S.A.S.  E.S.P.,RISARALDA,BELEN DE UMBRIA,No,No,No,No,No,No,No,No,0,11/9/2006,11/9/2006,
2377,EMPRESA PRESTADORA DEL SERVICIO PUBLICO DE ASEO CIUDAD BOLIVAR,ANTIOQUIA,CIUDAD BOLIVAR,Si,Si,Si,Si,Si,Si,Si,Si,35,24/10/2008,24/10/2008,
2377,EMPRESA PRESTADORA DEL SERVICIO PUBLICO DE ASEO CIUDAD BOLIVAR,ANTIOQUIA,CIUDAD BOLIVAR,Si,Si,Si,Si,No,No,Si,Si,8,24/10/2008,24/10/2008,
2377,EMPRESA PRESTADORA DEL SERVICIO PUBLICO DE ASEO CIUDAD BOLIVAR,ANTIOQUIA,CIUDAD BOLIVAR,No,No,No,No,No,No,No,No,0.37,1/1/2002,2/8/2011,
2393,EMPRESA DE SERVICIOS PÚBLICOS DOMICILIARIOS DE CIMITARRA E.S.P.,SANTANDER,CIMITARRA,No,Si,No,No,No,No,No,Si,8,14/11/2008,14/11/2008,
2403,EMPRESAS PUBLICAS DE CAICEDONIA E.S.P.,VALLE DEL CAUCA,CAICEDONIA,Si,Si,Si,Si,Si,Si,Si,Si,20,18/03/2004,18/03/2004,
2403,EMPRESAS PUBLICAS DE CAICEDONIA E.S.P.,VALLE DEL CAUCA,CAICEDONIA,No,No,No,No,No,No,No,No,2,9/8/1999,16/12/2011,
2430,COMPAÑIA DE RESIDUOS SOLIDOS DE COLOMBIA S.A. E.S.P.,CUNDINAMARCA,BOJACA,Si,Si,Si,Si,Si,Si,Si,Si,1000,5/2/2008,5/2/2008,
2430,COMPAÑIA DE RESIDUOS SOLIDOS DE COLOMBIA S.A. E.S.P.,CUNDINAMARCA,BOJACA,Si,Si,Si,Si,Si,Si,Si,Si,1000,3/7/2007,3/7/2007,
2433,JUNTA ADMINISTRADORA DE SERVICIOS PUBLICOS-MUNICIPIO DE PASCA,CUNDINAMARCA,PASCA,Si,Si,Si,Si,No,Si,Si,Si,30,0,29/12/2010,
2433,JUNTA ADMINISTRADORA DE SERVICIOS PUBLICOS-MUNICIPIO DE PASCA,CUNDINAMARCA,PASCA,No,No,No,No,No,No,No,No,10,1/6/1996,25/04/2012,
2449,UNIDAD DESERVICIOS PUBLICOS MUNICIPALES DE BETANIA E.S.P,ANTIOQUIA,BETANIA,Si,Si,Si,Si,Si,Si,Si,Si,6,4/8/2008,4/8/2008,
2462,EMPRESA DE SERVICIOS PUBLICOS DE ACUEDUCTO Y ALCANTARILLADO DE ALBAN,NARINO,ALBAN,No,No,No,No,No,No,No,No,0.5,1/2/2004,14/12/2011,
2463,EMPRESA DE SERVICIOS PUBLICOS DE SAN BERNARDO - EMPOSAN  E.S.P.,NARINO,SAN BERNARDO,Si,Si,Si,Si,Si,Si,Si,Si,2,16/07/2009,16/07/2009,
2463,EMPRESA DE SERVICIOS PUBLICOS DE SAN BERNARDO - EMPOSAN  E.S.P.,NARINO,SAN BERNARDO,No,No,No,No,No,No,No,No,4,1/6/2008,11/2/2015,
2467,EMPRESAS PUBLICAS MUNICIPALES DE ZIPACON E.S.P. EN LIQUIDACIÓN,CUNDINAMARCA,ZIPACON,No,Si,Si,Si,Si,Si,Si,Si,0,0,25/06/2010,
2510,UNIDAD DE SERVICIOS PUBLICOS DOMICILIARIOS DE SAN PABLO DE BORBUR,BOYACA,SAN PABLO DE BORBUR,No,No,No,No,No,No,No,No,0,14/09/1998,13/09/2016,
2512,AGUAS DE ARANZAZU S.A. E.S.P.,CALDAS,ARANZAZU,Si,Si,Si,Si,No,Si,Si,Si,1,0,20/04/2010,
2512,AGUAS DE ARANZAZU S.A. E.S.P.,CALDAS,ARANZAZU,Si,Si,Si,Si,No,Si,Si,Si,1,0,29/01/2011,
2512,AGUAS DE ARANZAZU S.A. E.S.P.,CALDAS,ARANZAZU,No,No,No,No,No,No,No,No,0.08,1/1/2005,31/12/2014,
2514,EMPRESA DE SERVICIOS PUBLICOS DE COCORNA E.S.P.,ANTIOQUIA,COCORNA,Si,Si,Si,Si,No,No,Si,Si,12,11/6/2008,11/6/2008,
2514,EMPRESA DE SERVICIOS PUBLICOS DE COCORNA E.S.P.,ANTIOQUIA,COCORNA,No,No,No,No,No,No,No,No,0.01,3/1/2011,20/11/2014,
2553,SECRETARIA DE PLANEACION,CUNDINAMARCA,TIBACUY,No,No,No,No,No,No,No,No,2,1/1/2003,16/05/2012,
2553,SECRETARIA DE PLANEACION,CUNDINAMARCA,TIBACUY,No,No,No,No,No,No,No,No,0,0,11/6/2015,
2560,UNIDAD DE SERVICIOS PUBLICOS DOMICILIARIOS DEL MUNICIPIO DE MACEO,ANTIOQUIA,MACEO,No,No,No,No,No,No,No,No,0,21/12/2006,21/12/2006,
2560,UNIDAD DE SERVICIOS PUBLICOS DOMICILIARIOS DEL MUNICIPIO DE MACEO,ANTIOQUIA,MACEO,No,No,No,No,No,No,No,No,0,1/10/2009,1/10/2009,
2575,EMPRESA DE SERVICIOS PUBLICOS DE SANTUARIO,ANTIOQUIA,EL SANTUARIO,Si,Si,No,Si,Si,No,Si,Si,5,15/03/2004,15/03/2004,
2588,ASOCIACION DE SERVICIOS PUBLICOS DE BELALCAZAR,CAUCA,PAEZ,No,No,No,No,No,No,No,No,1.29,15/03/1989,7/12/2012,
2591,EMPRESA DE SERVICIOS PUBLICOS DOMICILIARIOS DE PUERRES E.S.P.,NARINO,PUERRES,Si,Si,Si,Si,Si,Si,Si,Si,2,27/06/2008,27/06/2008,
2598,SECCION DE SERVICIOS PUBLICOS DE ACUEDUCTO,ANTIOQUIA,TAMESIS,Si,Si,Si,Si,Si,Si,Si,Si,3,26/04/2008,26/04/2008,
2610,UNIDAD DE SERVICIOS PUBLICOS DE SAN JOSE DE FRAGUA,CAQUETA,SAN JOSE DEL FRAGUA,Si,Si,Si,Si,Si,Si,Si,Si,30,24/11/2008,24/11/2008,
2631,EMPRESA DE SERVICIOS PUBLICOS DEL PINON,MAGDALENA,EL PINON,Si,Si,Si,No,No,Si,No,No,1,3/12/2008,3/12/2008,
2648,UNIDAD ADMINISTRATIVA DE SERVICIOS PUBLICOS DEL MUNICIPIO DE NOCAIMA,CUNDINAMARCA,NOCAIMA,Si,Si,Si,Si,Si,Si,Si,Si,100,4/9/2007,4/9/2007,
2648,UNIDAD ADMINISTRATIVA DE SERVICIOS PUBLICOS DEL MUNICIPIO DE NOCAIMA,CUNDINAMARCA,NOCAIMA,No,No,No,Si,No,Si,Si,No,20,3/1/2008,3/1/2008,
2690,BIOGER S.A. E.S.P.,BOLIVAR,TURBACO,No,No,No,No,No,No,No,No,0,1/7/2012,2/7/2012,
2702,MUNICIPIO EL DOVIO,VALLE DEL CAUCA,EL DOVIO,Si,Si,Si,Si,Si,No,Si,Si,230,27/12/2007,27/12/2007,
2702,MUNICIPIO EL DOVIO,VALLE DEL CAUCA,EL DOVIO,No,No,No,No,No,No,No,No,4,29/02/2000,29/08/2012,
2712,UNIDAD DE SERVICIOS PUBLICOS DEL MUNICIPIO DE  LA LLANADA,NARINO,LA LLANADA,Si,Si,Si,Si,No,No,Si,Si,1,19/06/2008,19/06/2008,
2783,UNIDAD DE SERVICIOS PÚBLICOS DOMICILIARIOS DE PUERTO TRIUNFO,ANTIOQUIA,PUERTO TRIUNFO,Si,No,Si,Si,No,No,Si,Si,1,24/11/2009,24/11/2009,
2807,MUNICIPIO  DE  ARMENIA  ANTIOQUIA,ANTIOQUIA,ARMENIA,Si,Si,No,Si,Si,No,Si,Si,18,19/10/2007,19/10/2007,
2807,MUNICIPIO  DE  ARMENIA  ANTIOQUIA,ANTIOQUIA,HELICONIA,Si,Si,Si,Si,Si,Si,Si,Si,800,0,13/07/2010,
2849,INTERASEO DEL SUR S.A.  E.S.P.,TOLIMA,IBAGUE,No,No,No,No,No,No,No,No,0,26/04/2007,26/04/2007,
2891,UNIDAD DE SERVICIOS PUBLICOS DOMICILIARIOS DE ACUEDUCTO ALCANTARILLADO Y ASEO DEL MUNICIPIO DE  SUSACON,BOYACA,SUSACON,No,No,No,No,No,No,No,No,0,1/1/2011,18/01/2013,
2908,MUNICIPIO DE SAN MIGUEL DE SEMA,BOYACA,SAN MIGUEL DE SEMA,Si,Si,Si,Si,Si,Si,Si,Si,4,18/07/2008,18/07/2008,
2910,EMPRESA DE SERVICIOS PÚBLICOS DOMICILIARIOS DE PUENTE NACIONAL E.S.P.,SANTANDER,PUENTE NACIONAL,Si,Si,Si,Si,Si,Si,Si,Si,5,0,30/06/2010,
2926,UNIDAD ADMINISTRADORA DE SERVICIOS PUBLICOS DE ACUEDUCTO,SANTANDER,CONTRATACION,No,No,No,No,No,No,No,No,0.03,1/10/2010,8/10/2014,
2962,UNIDAD DE SERVICIOS PUBLICOS DOMICILIARIOS DEL MUNICIPIO DE SATIVASUR,BOYACA,SATIVASUR,No,No,No,No,No,No,No,No,0.04,5/7/2006,21/07/2011,
2963,UNIDAD ADMINISTRADORA DE SERVICIOS PUBLICOS DE ACUEDUCTO,SANTANDER,AGUADA,Si,Si,Si,Si,Si,Si,Si,Si,20,0,24/01/2011,
2972,HUMUS DE COLOMBIA S.A. E.S.P.,META,ACACIAS,Si,Si,No,Si,Si,Si,Si,Si,25,17/09/2005,17/09/2005,
2989,OPERADORES DE SERVICIOS DE LA SIERRA S.A.S  E.S.P,MAGDALENA,CIENAGA,No,No,No,No,No,No,No,No,0,1/9/2006,1/9/2006,
2996,EMPRESA DE SERVICIOS PUBLICOS DE LOS ANDES - SOTOMAYOR,NARINO,LOS ANDES,Si,Si,Si,Si,Si,Si,Si,Si,2,10/6/2008,10/6/2008,
3108,AGUAS Y ASEO DE EL PITAL Y AGRADO S.A. E.S.P.,HUILA,PITAL,No,No,No,No,No,No,No,No,12,30/11/2010,13/06/2014,
3149,UNIDAD DE SERVICIOS PUBLICOS DOMICILIARIOS DE BETULIA ANTIOQUIA,ANTIOQUIA,BETULIA,Si,Si,Si,Si,Si,Si,Si,Si,14538,24/04/2008,24/04/2008,
3218,EMPRESA DE SERVICIOS PUBLICOS DOMICILIARIOS DE SOLITA S.A. E.S.P.,CAQUETA,SOLITA,Si,Si,Si,Si,Si,No,Si,Si,4,13/11/2009,13/11/2009,
3218,EMPRESA DE SERVICIOS PUBLICOS DOMICILIARIOS DE SOLITA S.A. E.S.P.,CAQUETA,SOLITA,No,No,No,No,No,No,No,No,0,1/1/2004,24/08/2014,
3289,EMPRESA COLOMBIANA DE ASEO S.A.  E.S.P.,VALLE DEL CAUCA,YUMBO,Si,Si,Si,No,No,Si,Si,Si,400,0,10/6/2011,
3349,UNIDAD MUNICIPAL DE SERVICIOS PUBLICOS DE PAEZ,BOYACA,MIRAFLORES,Si,Si,Si,Si,Si,No,Si,Si,7,0,15/06/2010,
3355,EMPRESA DE ASEO,PUTUMAYO,SIBUNDOY,Si,Si,Si,Si,Si,Si,Si,Si,20,24/06/2009,24/06/2009,
3355,EMPRESA DE ASEO,PUTUMAYO,SIBUNDOY,No,No,No,No,No,No,No,No,160,1/8/2001,23/11/2011,
3719,MUNICIPIO DE SAN JOAQUIN - SANTANDER,SANTANDER,SAN JOAQUIN,Si,Si,Si,Si,No,No,No,Si,0,30/11/2009,30/11/2009,
4930,UNIDAD DE SERVICIOS PUBLICOS DOMICILIARIOS DEL MUNCIPIO DE TUTA,BOYACA,TUTA,No,No,No,No,No,No,No,No,0.5,30/06/2005,16/12/2010,
20002,UNIDAD DE SERVICIOS PÚBLICOS DEL MUNICIPIO DE ENTRERRIOS,ANTIOQUIA,ENTRERRIOS,Si,Si,No,No,No,No,No,Si,0.2,0,4/3/2013,
20002,UNIDAD DE SERVICIOS PÚBLICOS DEL MUNICIPIO DE ENTRERRIOS,ANTIOQUIA,ENTRERRIOS,No,No,No,No,No,No,No,No,0.2,18/02/2005,4/3/2013,
20023,MUNICIPIO DE SABANALARGA - ANTIOQUIA,ANTIOQUIA,SABANALARGA,Si,Si,Si,Si,Si,Si,Si,Si,2,12/6/2008,12/6/2008,
20023,MUNICIPIO DE SABANALARGA - ANTIOQUIA,ANTIOQUIA,SABANALARGA,Si,Si,Si,Si,Si,Si,Si,Si,2,13/06/2008,13/06/2008,
20024,EMPRESAS PUBLICAS DE ANDES E.S.P,ANTIOQUIA,ANDES,Si,Si,No,No,No,No,Si,Si,1.5,0,29/12/2011,
20024,EMPRESAS PUBLICAS DE ANDES E.S.P,ANTIOQUIA,ANDES,No,No,No,No,No,No,No,No,30,1/1/2010,9/2/2016,
20035,UNIDAD DE SERVICIOS PUBLICOS NARIÑO ANTIOQUIA,ANTIOQUIA,NARINO,Si,Si,Si,Si,Si,No,Si,Si,2,26/04/2008,26/04/2008,
20085,UNIDAD ADMINISTRATIVA ESPECIAL DE SERVICIOS PUBLICOS ALCALDIA DE OROCUE,CASANARE,OROCUE,Si,Si,No,Si,Si,Si,Si,Si,20,21/09/2007,21/09/2007,
20085,UNIDAD ADMINISTRATIVA ESPECIAL DE SERVICIOS PUBLICOS ALCALDIA DE OROCUE,CASANARE,OROCUE,Si,Si,Si,Si,Si,Si,Si,Si,20,26/02/2008,26/02/2008,
20097,SECRETARIA DE SERVICIOS PUBLICOS DOMICILIARIOS DE FOMEQUE,CUNDINAMARCA,FOMEQUE,Si,Si,Si,Si,No,Si,Si,Si,20,18/04/2007,18/04/2007,
20097,SECRETARIA DE SERVICIOS PUBLICOS DOMICILIARIOS DE FOMEQUE,CUNDINAMARCA,FOMEQUE,Si,Si,No,No,Si,Si,Si,Si,80,24/06/2008,24/06/2008,
20099,EMPRESAS PUBLICAS DE SALGAR  S.A. E.S.P.,ANTIOQUIA,SALGAR,Si,Si,Si,Si,No,Si,Si,Si,10,14/03/2008,14/03/2008,
20099,EMPRESAS PUBLICAS DE SALGAR  S.A. E.S.P.,ANTIOQUIA,SALGAR,No,No,No,No,No,No,No,No,2,23/10/2007,31/05/2016,
20102,JUNTA DE SERVICIOS PÚBLICOS DEL MUNICIPIO DE ANGELOPOLIS,ANTIOQUIA,ANGELOPOLIS,Si,Si,Si,Si,Si,No,Si,Si,3,24/04/2008,24/04/2008,
20102,JUNTA DE SERVICIOS PÚBLICOS DEL MUNICIPIO DE ANGELOPOLIS,ANTIOQUIA,ANGELOPOLIS,No,Si,Si,Si,Si,Si,Si,Si,2,24/04/2008,24/04/2008,
20109,UNIDAD DE SERVICIOS PUBLICOS DOMICILIARIOS DEL MUNICIPIO DE SAN CARLOS AGUAS Y ASEO DEL TABOR,ANTIOQUIA,SAN CARLOS,Si,Si,Si,Si,Si,Si,Si,Si,2,29/05/2008,29/05/2008,
20121,UNIDAD DE SERVICIOS PUBLICOS DOMICILIARIOS DEL MUNICIPIO DE GUACA,SANTANDER,GUACA,Si,Si,Si,Si,No,No,Si,Si,1,6/5/2008,6/5/2008,
20127,UNIDAD DE SERVICIOS PUBLICOS DOMINCILIARIOD DEL MUNICIPIO LANDAZURI,SANTANDER,LANDAZURI,Si,Si,Si,No,Si,Si,No,No,8,3/6/2008,3/6/2008,
20134,UNIDAD MUNICIPAL DE SERVICIOS PUBLICOS DE CONCORDIA,MAGDALENA,CONCORDIA,No,Si,No,No,No,No,No,Si,20,22/05/2008,22/05/2008,
20138,OFICINA DE SERVICIOS PUBLICOS DOMICILIARIOS DE ALCANTARILLADO Y ASEO MORALES CAUCA,CAUCA,MORALES,No,No,No,No,No,No,No,No,0,1/1/2012,25/06/2013,
20174,UNIDAD MUNICIPAL DE SERVICIOS PUBLICOS DOMICILIARIOS DE SAN FRANCISO-ANTIOQUIA,ANTIOQUIA,SAN FRANCISCO,Si,Si,Si,Si,Si,Si,Si,Si,1,0,7/7/2010,
20174,UNIDAD MUNICIPAL DE SERVICIOS PUBLICOS DOMICILIARIOS DE SAN FRANCISO-ANTIOQUIA,ANTIOQUIA,SAN FRANCISCO,No,No,No,No,No,No,No,No,5.2,30/06/2004,16/01/2014,
20204,EMPRESA DE SERVICIOS PUBLICOS DE EBEJICO E.S.P.E.,ANTIOQUIA,EBEJICO,No,No,No,No,No,No,No,No,0,1/1/2010,24/01/2014,
20249,SERVIAMBIENTAL S. A.  E. S. P.,HUILA,PALERMO,Si,Si,Si,Si,Si,Si,Si,Si,3.6,0,7/9/2019,
20280,BIORGÁNICOS DEL OTÚN S.A. E.S.P.,RISARALDA,PEREIRA,No,No,No,No,No,No,No,No,200,10/8/2009,26/01/2011,
20312,ABORGANICOS S.A. E.S.P,ANTIOQUIA,TURBO,Si,Si,Si,Si,Si,Si,Si,Si,240,19/01/2007,19/01/2007,
20317,UNIDAD ADMINISTRATIVA ESPECIAL  DE SERVICIOS PUBLICOS DEL MUNICIPIO DE SITIONUEVO,MAGDALENA,SITIONUEVO,No,Si,Si,No,No,No,No,No,4,23/05/2008,23/05/2008,
20335,EMPRESA DE ASEO Y RECICLAJE DE SINCE SERES,SUCRE,SAN LUIS DE SINCE,Si,Si,Si,Si,No,No,Si,No,15,14/11/2009,14/11/2009,
20341,INGENIERIA  MEDICIONES  EMISIONES Y CONTROLES SA,CUNDINAMARCA,VILLA DE SAN DIEGO DE UBATE,Si,Si,Si,Si,Si,Si,Si,Si,40,2/4/2008,2/4/2008,
20359,EMPRESAS PUBLICAS DE GARAGOA S.A. E.S.P,BOYACA,GARAGOA,Si,Si,Si,Si,Si,Si,Si,Si,25,19/04/2007,19/04/2007,
20359,EMPRESAS PUBLICAS DE GARAGOA S.A. E.S.P,BOYACA,GARAGOA,Si,Si,Si,Si,Si,Si,Si,Si,25,19/08/2008,19/08/2008,
20359,EMPRESAS PUBLICAS DE GARAGOA S.A. E.S.P,BOYACA,GARAGOA,Si,Si,Si,Si,Si,Si,Si,Si,25,20/08/2008,20/08/2008,
20359,EMPRESAS PUBLICAS DE GARAGOA S.A. E.S.P,BOYACA,GARAGOA,No,No,No,No,No,No,No,No,25,2/5/2002,3/5/2012,
20364,UNIDAD DE SERVICIOS PUBLICOS DEL MUNICIPIO DE MIRAFLORES,BOYACA,MIRAFLORES,Si,Si,Si,Si,No,Si,Si,Si,30,21/09/2008,21/09/2008,
20375,EMPRESA MUNICIPAL DE SERVICIOS PUBLICOS DOMICILIARIOS DE MOCOA,PUTUMAYO,MOCOA,Si,Si,Si,Si,Si,Si,No,Si,2,0,17/12/2010,
20380,EMPRESA SOLIDARIA DE SERVICIOS PUBLICOS AGUA VIVA DE PUERTO GUZMAN E.S.P.,PUTUMAYO,PUERTO GUZMAN,Si,Si,Si,Si,Si,Si,Si,No,2,0,6/3/2012,
20380,EMPRESA SOLIDARIA DE SERVICIOS PUBLICOS AGUA VIVA DE PUERTO GUZMAN E.S.P.,PUTUMAYO,PUERTO GUZMAN,No,No,No,No,No,No,No,No,1.5,28/07/2005,2/5/2012,
20380,EMPRESA SOLIDARIA DE SERVICIOS PUBLICOS AGUA VIVA DE PUERTO GUZMAN E.S.P.,PUTUMAYO,PUERTO GUZMAN,No,No,No,No,No,No,No,No,0.2,28/07/2005,2/5/2012,
20388,ADMINISTRACION PUBLICA COOPERATIVA DE AGUA POTABLE Y SANEAMIENTO BÁSICO AGUAS DEL FRAILEJÓN,NARINO,GUALMATAN,Si,Si,Si,Si,Si,Si,Si,No,300,0,9/4/2013,
20395,MUNICIPIO DE SUCRE,CAUCA,SUCRE,No,Si,Si,No,Si,Si,No,Si,7,17/06/2008,17/06/2008,
20399,OFICINA DE SERVICIOS PUBLICOS DEL MUNICIPIO DE CUMBITARA,NARINO,CUMBITARA,Si,Si,Si,Si,Si,Si,No,Si,1,4/7/2008,4/7/2008,
20415,EMPRESA COMUNITARIA AAA CORAZON DEL PUTUMAYO ESP,PUTUMAYO,VILLAGARZON,Si,Si,Si,Si,Si,Si,Si,Si,1,27/10/2009,27/10/2009,
20423,UNIDAD PRESTADORA DE LOS SERVICIOS PUBLICOS DOMICILIARIOS DE ACUEDUCTO ALCANTARILLADO Y ASEO DEL MUNICIPIO DE TOGUI,BOYACA,TOGUI,Si,Si,Si,Si,Si,Si,Si,Si,3,22/07/2008,22/07/2008,
20446,MUNICIPIO DE ANORI,ANTIOQUIA,ANORI,Si,Si,No,No,No,No,Si,Si,90,24/04/2008,24/04/2008,
20455,EMPRESA DE SERVICIOS PUBLICOS DE AGUA POTABLE,HUILA,YAGUARA,Si,Si,Si,Si,Si,No,Si,Si,15,27/02/2008,27/02/2008,
20455,EMPRESA DE SERVICIOS PUBLICOS DE AGUA POTABLE,HUILA,YAGUARA,Si,Si,Si,Si,Si,No,Si,Si,15,27/02/2008,27/02/2008,
20478,UNIDAD DE SERVICIOS PUBLICOS DE ACUEDUCTO ALCANTARILLADO Y ASEO DEL MUNICIPIO DE BRICENO,BOYACA,BRICENO,No,Si,No,No,No,No,No,No,0,0,25/06/2010,
20482,INCINERADORES INDUSTRIALES S.A. ESP,VALLE DEL CAUCA,PALMIRA,Si,Si,Si,Si,No,Si,Si,Si,1,5/7/2007,5/7/2007,
20482,INCINERADORES INDUSTRIALES S.A. ESP,VALLE DEL CAUCA,PALMIRA,Si,Si,Si,Si,Si,Si,Si,Si,8,22/07/2009,22/07/2009,
20505,COOPERATIVA DE TRABAJO ASOCIADO DE ASEO Y RECICLAJE DEL MUNICIPIO DE SAN CRISTOBAL BOLIVAR,BOLIVAR,SAN CRISTOBAL,Si,Si,Si,Si,Si,Si,Si,Si,90,10/7/2008,10/7/2008,
20507,ADMINISTRACION PUBLICA COOPERATIVA ACUEDUCTO  ASEO Y ALCANTARILLADO DEL SUR,BOLIVAR,SANTA ROSA DEL SUR,No,No,No,No,No,No,No,No,0,1/9/2005,28/05/2012,
20515,ADMINISTRACIÓN PÚBLICA COOPERATIVA DE ACUEDUCTO ALCANTARILLADO Y ASEO DEL MUNICIPIO DE INZA - CAUCA,CAUCA,INZA,Si,Si,No,Si,No,Si,Si,No,3,20/06/2007,20/06/2007,
20515,ADMINISTRACIÓN PÚBLICA COOPERATIVA DE ACUEDUCTO ALCANTARILLADO Y ASEO DEL MUNICIPIO DE INZA - CAUCA,CAUCA,INZA,No,No,No,No,No,No,No,No,0,0,13/05/2010,
20517,UNIDAD DE SERVICIOS PUBLICOS DOMICILIARIOS DEL MUNICIPIO DE TITIRIBI,ANTIOQUIA,TITIRIBI,Si,Si,Si,Si,Si,No,Si,Si,1,13/06/2008,13/06/2008,
20517,UNIDAD DE SERVICIOS PUBLICOS DOMICILIARIOS DEL MUNICIPIO DE TITIRIBI,ANTIOQUIA,TITIRIBI,No,No,No,No,No,No,No,No,10,1/1/1998,16/07/2012,
20521,EMPRESAS PUBLICAS DE JARDIN S.A.  E.S.P. - EPJ,ANTIOQUIA,JARDIN,Si,Si,Si,Si,No,Si,Si,Si,8,4/4/2008,4/4/2008,
20521,EMPRESAS PUBLICAS DE JARDIN S.A.  E.S.P. - EPJ,ANTIOQUIA,JARDIN,Si,Si,Si,Si,Si,Si,Si,Si,5,4/4/2008,4/4/2008,
20521,EMPRESAS PUBLICAS DE JARDIN S.A.  E.S.P. - EPJ,ANTIOQUIA,JARDIN,No,No,No,No,No,No,No,No,0,12/12/2019,12/12/2019,
20535,EVAS ENVIAMBIENTALES S.A E.S.P,ANTIOQUIA,HELICONIA,Si,Si,Si,Si,Si,Si,Si,Si,900,2/4/2007,2/4/2007,
20535,EVAS ENVIAMBIENTALES S.A E.S.P,ANTIOQUIA,HELICONIA,Si,Si,Si,Si,Si,Si,Si,Si,900,10/2/2010,10/2/2010,
20562,MUNICIPIO GUAPOTA,SANTANDER,GUAPOTA,Si,Si,Si,Si,Si,Si,Si,Si,1,20/05/2008,20/05/2008,
20580,ALCALDIA ESPECIAL DE CUBARA,BOYACA,CUBARA,No,No,No,No,No,No,No,No,0,01/01/0001,16/05/2012,
20582,UNIDAD DE SERVICIOS PUBLICOS DOMICILIARIOS DE ASEO DEL MUNICIPIO DE  FREDONIA,ANTIOQUIA,FREDONIA,Si,Si,Si,Si,No,Si,Si,Si,1,22/04/2008,22/04/2008,
20650,MUNICIPIO DE CARAMANTA,ANTIOQUIA,CARAMANTA,Si,Si,Si,Si,Si,Si,Si,Si,1,20/01/2007,20/01/2007,
20650,MUNICIPIO DE CARAMANTA,ANTIOQUIA,CARAMANTA,Si,Si,Si,No,No,No,Si,Si,1,20/01/2007,20/01/2007,
20650,MUNICIPIO DE CARAMANTA,ANTIOQUIA,CARAMANTA,Si,Si,Si,Si,Si,Si,Si,Si,2,26/06/2009,26/06/2009,
20651,MUNICIPIO DE SAN PEDRO DE LOS MILAGROS,ANTIOQUIA,SAN PEDRO DE LOS MILAGROS,Si,Si,Si,Si,Si,Si,Si,Si,1,7/12/2006,7/12/2006,
20652,BIORGANICOS DEL PAEZ S.A.  E.S.P.,HUILA,LA PLATA,Si,Si,Si,Si,Si,Si,Si,Si,21,24/01/2008,24/01/2008,
20652,BIORGANICOS DEL PAEZ S.A.  E.S.P.,HUILA,LA PLATA,No,No,No,No,No,No,No,No,0,8/12/2008,15/12/2012,
20709,EMPRESA MUNICIPAL DE ACUEDUCTO,SUCRE,SAN LUIS DE SINCE,Si,Si,Si,Si,Si,Si,Si,Si,4,13/11/2008,13/11/2008,
20709,EMPRESA MUNICIPAL DE ACUEDUCTO,SUCRE,SAN LUIS DE SINCE,No,No,No,No,No,No,No,No,0,1/6/2001,28/07/2011,
20738,JUNTA DE SERVICIOS PUBLICOS DEL MUNICIPIO DE GUACAMAYAS,BOYACA,GUACAMAYAS,No,No,No,No,No,No,No,No,0,16/06/2009,16/06/2009,
20809,MUNICIPIO DE PROVIDENCIA,NARINO,PROVIDENCIA,Si,Si,Si,Si,Si,Si,Si,Si,1,5/6/2008,5/6/2008,
20839,MUNICIPIO DE FLORIAN SANTANDER,SANTANDER,FLORIAN,Si,Si,Si,Si,Si,Si,Si,Si,4,30/05/2008,30/05/2008,
20839,MUNICIPIO DE FLORIAN SANTANDER,SANTANDER,FLORIAN,No,No,No,No,No,No,No,No,40.8,9/10/2003,17/12/2014,
20861,ADMINISTRACIÓN PÚBLICA COOPERATIVA DE SERVICIOS PÚBLICOS DE LA PLAYA DE BELEN,NORTE DE SANTANDER,LA PLAYA,Si,Si,Si,Si,No,No,Si,Si,5,0,23/06/2010,
20861,ADMINISTRACIÓN PÚBLICA COOPERATIVA DE SERVICIOS PÚBLICOS DE LA PLAYA DE BELEN,NORTE DE SANTANDER,LA PLAYA,No,No,No,No,No,No,No,No,1,6/7/2001,10/4/2012,
20994,ALCALDIA MUNICIPAL DE RICAURTE,NARINO,RICAURTE,Si,Si,Si,Si,Si,Si,Si,Si,20,30/07/2008,30/07/2008,
21150,UNIDAD DE SERVICIOS PUBLICOS DOMICILIARIOS DE PISVA,BOYACA,PISBA,No,No,No,No,No,No,No,No,1,1/1/2011,27/05/2012,
21311,MUNICIPIO DE TORIBIO,CAUCA,TORIBIO,Si,Si,Si,Si,Si,No,Si,Si,2,28/06/2008,28/06/2008,
21377,"UNIDAD ESPECIAL DE SERVICIOS PUBLICOS ""UESPAAA""",NARINO,ANCUYA,Si,Si,Si,No,No,Si,Si,Si,2835,11/9/2008,11/9/2008,
21377,"UNIDAD ESPECIAL DE SERVICIOS PUBLICOS ""UESPAAA""",NARINO,ANCUYA,Si,Si,Si,No,No,Si,Si,Si,2835,11/9/2008,11/9/2008,
21378,ALCALDIA MUNICIPAL MALLAMA,NARINO,MALLAMA,Si,Si,Si,No,Si,No,No,No,240,28/07/2008,28/07/2008,
21436,EMPRESA DE SERVICIOS PUBLICOS DOMICILIARIOS DE ALBANIA S.A E.S.P,CAQUETA,ALBANIA,No,No,No,No,No,No,No,No,0,1/1/2009,29/12/2015,
21524,ALCALDIA MUNICIPAL DE CHACHAGUI,NARINO,CHACHAGUI,Si,Si,Si,Si,Si,Si,Si,Si,10,16/07/2008,16/07/2008,
21524,ALCALDIA MUNICIPAL DE CHACHAGUI,NARINO,CHACHAGUI,No,No,No,No,No,No,No,No,0,26/05/1998,31/07/2012,
21620,ADMINISTRACION PUBLICA COOPERATIVA DE SERVICIOS PUBLICOS INTEGRALES DEL GUAVIO,CUNDINAMARCA,GACHETA,No,Si,No,No,No,No,No,Si,0,15/01/2009,15/01/2009,
21633,EMPRESAS PÚBLICAS DE LA PINTADA S.A.  E.S.P.,ANTIOQUIA,LA PINTADA,Si,Si,Si,Si,Si,Si,Si,Si,8,3/9/2009,3/9/2009,
21720,EMPRESAS PUBLICAS DE SONSON S.A. E.S.P.,ANTIOQUIA,SONSON,Si,Si,Si,Si,Si,Si,No,Si,2,10/6/2008,10/6/2008,
21720,EMPRESAS PUBLICAS DE SONSON S.A. E.S.P.,ANTIOQUIA,SONSON,No,No,No,No,No,No,No,No,0,6/6/2011,21/07/2011,
21720,EMPRESAS PUBLICAS DE SONSON S.A. E.S.P.,ANTIOQUIA,SONSON,No,No,No,No,No,No,No,No,3,30/12/2011,23/11/2012,
21735,EMPRESA SOLIDARIA DE SERVICIOS PUBLICOS DE MONGUI,BOYACA,MONGUI,No,No,No,No,No,No,No,No,10,1/1/2011,29/08/2012,
21748,EMPRESAS PUBLICAS DE VEGACHI S.A. E.S.P.,ANTIOQUIA,VEGACHI,Si,Si,Si,Si,No,Si,No,No,20,0,2/7/2015,
21748,EMPRESAS PUBLICAS DE VEGACHI S.A. E.S.P.,ANTIOQUIA,VEGACHI,No,No,No,No,No,No,No,No,20,1/1/2007,13/05/2017,
21749,EMPRESA DE SERVICIOS PUBLICOS DOMICILIARIOS DE CARACOLI S.A  E.S.P.,ANTIOQUIA,CARACOLI,Si,Si,Si,Si,No,Si,No,Si,1,20/12/2008,20/12/2008,
21755,ADMINISTRACCION PUBLICA COOPERATIVA DE ALBANIA,LA GUAJIRA,ALBANIA,No,No,No,No,No,No,No,No,0,0,14/07/2014,
21764,EMPRESAS PUBLICAS DE HISPANIA S.A. E.S.P.,ANTIOQUIA,HISPANIA,Si,Si,Si,Si,No,Si,Si,Si,2,0,24/11/2010,
21764,EMPRESAS PUBLICAS DE HISPANIA S.A. E.S.P.,ANTIOQUIA,HISPANIA,No,No,No,No,No,No,No,No,1,1/6/2007,16/05/2017,
21767,EMPRESA DE SERVICIOS PUBLICOS DOMICILIARIOS DEL MUNICIPIO DE CISNEROS S.A. E.S.P.,ANTIOQUIA,SAN ROQUE,Si,Si,Si,Si,Si,Si,Si,Si,3,3/6/2009,3/6/2009,
21767,EMPRESA DE SERVICIOS PUBLICOS DOMICILIARIOS DEL MUNICIPIO DE CISNEROS S.A. E.S.P.,ANTIOQUIA,CISNEROS,No,No,No,No,No,No,No,No,0,1/1/2012,21/11/2017,
21783,"COOPERATIVA ADMINISTRADORA DE SERVICIOS PUBLICOS DE VERSALLES ""CAMINO VERDE""",VALLE DEL CAUCA,VERSALLES,Si,Si,Si,Si,Si,No,Si,Si,3,0,21/05/2010,
21783,"COOPERATIVA ADMINISTRADORA DE SERVICIOS PUBLICOS DE VERSALLES ""CAMINO VERDE""",VALLE DEL CAUCA,VERSALLES,No,No,No,No,No,No,No,No,0,1/1/2010,23/01/2013,
21804,MUNICIPIO DE GUALMATAN,NARINO,GUALMATAN,Si,Si,Si,Si,Si,Si,Si,Si,1,28/05/2008,28/05/2008,
21806,MUNICIPIO DE LA FLORIDA,NARINO,LA FLORIDA,Si,Si,Si,No,No,Si,Si,Si,1,8/5/2008,8/5/2008,
21809,ALCALDIA MUNICIPAL DE SAN BERNARDO,NARINO,SAN BERNARDO,Si,Si,No,Si,No,No,Si,Si,1,6/5/2008,6/5/2008,
21809,ALCALDIA MUNICIPAL DE SAN BERNARDO,NARINO,SAN BERNARDO,Si,Si,Si,Si,Si,Si,Si,Si,1,27/01/2010,27/01/2010,
21872,EMPRESAS PUBLICAS MUNICIPALES DE SIBATE  S.C.A.  E.S.P,CUNDINAMARCA,SIBATE,Si,Si,Si,Si,No,Si,Si,Si,18,31/07/2008,31/07/2008,
21872,EMPRESAS PUBLICAS MUNICIPALES DE SIBATE  S.C.A.  E.S.P,CUNDINAMARCA,SIBATE,No,No,No,No,No,No,No,No,25,5/8/2004,9/9/2011,
21896,BIORGANICOS DEL CENTRO DE HUILA S.A.  E.S.P.,HUILA,GARZON,Si,Si,Si,Si,Si,No,Si,Si,69,29/10/2008,29/10/2008,
21900,EMPRESA DE SERVICIOS PUBLICOS DE SAN JOSE DE FRAGUA S.A. E.S.P,CAQUETA,SAN JOSE DEL FRAGUA,Si,Si,Si,Si,Si,No,Si,Si,35,6/12/2008,6/12/2008,
21907,EMPRESA REGIONAL DE ASEO DEL NORTE DE CALDAS S.A.,CALDAS,PACORA,Si,Si,Si,Si,No,No,No,No,6,21/07/2008,21/07/2008,
21907,EMPRESA REGIONAL DE ASEO DEL NORTE DE CALDAS S.A.,CALDAS,AGUADAS,No,No,No,No,No,No,No,No,1,16/09/2009,4/12/2014,
21917,EMPRESA PUEBLORRIQUEÑA DE ACUEDUCTO,ANTIOQUIA,PUEBLORRICO,Si,Si,Si,Si,No,Si,Si,Si,5,16/06/2009,16/06/2009,
21917,EMPRESA PUEBLORRIQUEÑA DE ACUEDUCTO,ANTIOQUIA,PUEBLORRICO,No,No,No,No,No,No,No,No,0.5,15/11/2002,4/9/2015,
21924,MUNICIPIO DE GRANADA,ANTIOQUIA,GRANADA,Si,Si,Si,Si,Si,No,Si,Si,3,24/10/2008,24/10/2008,
21924,MUNICIPIO DE GRANADA,ANTIOQUIA,GRANADA,Si,Si,Si,Si,Si,Si,Si,Si,2,28/08/2009,28/08/2009,
21975,ALCALDIA DE PALOCABILDO,TOLIMA,PALOCABILDO,Si,Si,Si,Si,No,Si,Si,Si,1,13/05/2008,13/05/2008,
21975,ALCALDIA DE PALOCABILDO,TOLIMA,PALOCABILDO,No,No,No,No,No,No,No,No,0,2/2/2011,26/08/2014,
21993,MUNICIPIO DE BOLIVAR VALLE,VALLE DEL CAUCA,BOLIVAR,Si,Si,No,No,No,Si,Si,Si,3,5/6/2008,5/6/2008,
22074,EMPRESAS PUBLICAS DE VALDIVIA ANTIOQUIA S.A. E.S.P,ANTIOQUIA,VALDIVIA,No,No,No,No,No,No,No,No,0,0,29/11/2013,
22087,FUTURASEO S.A.S E.S.P,ANTIOQUIA,TURBO,Si,Si,Si,Si,Si,Si,Si,Si,300,6/10/2008,6/10/2008,
22145,EMPRESAS PUBLICAS DE AMAGA  S.A.   E.S.P.,ANTIOQUIA,AMAGA,Si,Si,Si,Si,Si,Si,Si,Si,2,2/6/2009,2/6/2009,
22171,MUNICIPIO DE CALIMA EL DARIEN,VALLE DEL CAUCA,CALIMA,No,No,No,No,No,No,No,No,0,0,15/04/2016,
22212,ADMINISTRACION PUBLICA COOPERATIVA DE SERVICIOS PUBLICOS DE SAN VICENTE DE CHUCURI,SANTANDER,SAN VICENTE DE CHUCURI,No,No,No,No,No,No,No,No,3.21,23/11/2005,11/11/2014,
22265,GRUPO EMPRESARIAL DE LA RECUPERACION Y TRANSFORMACION DE MATERIALES S.A.  E.S.P.,VALLE DEL CAUCA,CALI,No,No,No,No,No,No,No,No,50,1/1/2008,26/01/2016,
22323,AGUAS DEL NORDESTE S.A.  E.S.P.,ANTIOQUIA,REMEDIOS,Si,Si,Si,Si,No,No,Si,Si,10,12/11/2009,12/11/2009,
22330,EMPRESA DE SERVICIOS PUBLICOS DE ACUEDUCTO ALCANTARILLADO Y ASEO DE GUAITARILLA,NARINO,GUAITARILLA,Si,Si,Si,Si,Si,Si,Si,Si,1,18/12/2008,18/12/2008,
22386,EMPRESAS PUBLICAS DE LA ARGENTINA SOCIEDAD ANONIMA,HUILA,LA ARGENTINA,No,No,No,No,No,No,No,No,0,1/1/2011,4/9/2015,
22396,ACUEDUCTO ALCANTARILLADO Y ASEO DE PIAMONTE  S.A. E.S.P.,CAUCA,PIAMONTE,No,No,No,No,No,No,No,No,20,9/8/2011,25/08/2017,
22432,EMPRESAS PUBLICAS DE YAGUARA S.A. E.S.P.,HUILA,YAGUARA,Si,Si,Si,Si,No,No,Si,Si,20,19/03/2010,19/03/2010,
22432,EMPRESAS PUBLICAS DE YAGUARA S.A. E.S.P.,HUILA,YAGUARA,No,No,No,No,No,No,No,No,50,1/1/1996,3/9/2014,
22487,EMPRESA DE SERVICIOS PUBLICOS DE SANTA ROSA DE VITERBO S.A. E.S.P.,BOYACA,SANTA ROSA DE VITERBO,No,Si,Si,Si,Si,Si,Si,Si,4,0,16/11/2011,
22511,EMPRESA MUNICIPAL DE SERVICIOS PUBLICOS DE OROCUE SA ESP,CASANARE,OROCUE,Si,Si,Si,Si,Si,Si,Si,Si,20,7/7/2009,7/7/2009,
22511,EMPRESA MUNICIPAL DE SERVICIOS PUBLICOS DE OROCUE SA ESP,CASANARE,OROCUE,No,No,No,No,No,No,No,No,50,6/10/2009,21/10/2015,
22633,EMPRESA DE SERVICIOS PUBLICOS DE SANTA ROSA DE OSOS S.A. E.S.P.,ANTIOQUIA,SANTA ROSA DE OSOS,Si,Si,Si,Si,Si,Si,Si,Si,1,0,7/7/2011,
22633,EMPRESA DE SERVICIOS PUBLICOS DE SANTA ROSA DE OSOS S.A. E.S.P.,ANTIOQUIA,SANTA ROSA DE OSOS,No,No,No,No,No,No,No,No,0,31/12/2011,12/9/2013,
22643,"EMPRESA DE SERVICIOS PUBLICOS DOMICILIARIOS AGUAS Y ASEO DE FREDONIA S.A E.S.P ""EN LIQUIDACION""",ANTIOQUIA,FREDONIA,Si,Si,Si,Si,Si,Si,Si,Si,6,0,11/6/2010,
22661,ASEO ALCALA S.A  E.S.P,VALLE DEL CAUCA,ALCALA,Si,Si,Si,Si,Si,No,Si,Si,5,1/2/2010,1/2/2010,
22669,EMPRESA DE SERVICIOS PUBLICOS DE VILLANUEVA ESPAVI S.A. E.S.P.,CASANARE,VILLANUEVA,Si,Si,Si,Si,Si,Si,Si,Si,40,0,25/11/2010,
22669,EMPRESA DE SERVICIOS PUBLICOS DE VILLANUEVA ESPAVI S.A. E.S.P.,CASANARE,VILLANUEVA,No,No,No,No,No,No,No,No,23.5,14/11/2002,5/9/2011,
22819,RED VITAL PAIPA S.A. E.S.P,BOYACA,PAIPA,Si,Si,Si,Si,Si,Si,Si,Si,14,2/3/2010,2/3/2010,
22819,RED VITAL PAIPA S.A. E.S.P,BOYACA,PAIPA,No,No,No,No,No,No,No,No,14,29/11/2006,18/08/2011,
22823,EMPRESA DE SERVICIOS PUBLICOS DE TARSO S.A. E.S.P.,ANTIOQUIA,TARSO,No,No,No,No,No,No,No,No,1,1/1/2012,8/5/2012,
22833,EMPRESA DE SERVICIOS PUBLICOS DE RONCESVALLES S.A. E.S.P.,TOLIMA,RONCESVALLES,No,No,No,No,No,No,No,No,1,1/12/2008,7/6/2012,
22877,EMPRESA DE SERVICIOS PUBLICOS DE SAN PEDRO DE CARTAGO  SA,NARINO,SAN PEDRO DE CARTAGO,No,No,No,No,No,No,No,No,4,20/01/2009,2/12/2010,
22948,SERVICIOS PUBLICOS YALÍ S.A. E.S.P.,ANTIOQUIA,YALI,No,No,No,No,No,No,No,No,0,1/9/2009,2/8/2018,
22951,EMPRESAS PUBLICAS DE RECETOR S.A.S  ESP,CASANARE,RECETOR,No,No,No,No,No,No,No,No,0,1/1/1900,19/09/2011,
23008,LA EMPRESA DE SERVICIOS PUBLICOS DOMICILIARIOS DE ANGOSTURA S.A. E.S.P.,ANTIOQUIA,ANGOSTURA,No,No,No,No,No,No,No,No,1,14/11/1990,11/10/2011,
23018,EMPRESA DE SERVICIOS VARIOS LA VICTORIA ESP  S.A,VALLE DEL CAUCA,LA VICTORIA,No,No,No,No,No,No,No,No,20,5/5/2003,31/01/2012,
23059,ASOCIACION JUNTA ADMINISTRADORA DEL ACUEDUCTO ALCANTARILLADO Y ASEO DE SOTOMAYOR,NARINO,LOS ANDES,No,No,No,No,No,No,No,No,0.4,6/9/2007,20/08/2014,
23086,ADMINISTRACION PUBLICA COOPERATIVA DE SERVICIOS PUBLICOS DE COLON GENOVA,NARINO,COLON,No,No,No,No,No,No,No,No,0.05,6/11/2007,17/08/2016,
23111,EMPRESA DE SERVICIOS PUBLICOS  DOMICILIARIOS DE LA PROVINCIA DE LENGUPA SERVILENGUPA S.A. E.S.P.,BOYACA,MIRAFLORES,No,No,No,No,No,No,No,No,200,8/12/2000,14/07/2014,
23138,AGUAS LA CRISTALINA S.A. E.S.P.,PUTUMAYO,VILLAGARZON,No,No,No,No,No,No,No,No,12,13/10/1995,1/10/2014,
23139,EMPRESA DE SERVICIOS PUBLICOS DE PUERTO TRIUNFO S.A. E.S.P.,ANTIOQUIA,PUERTO TRIUNFO,No,No,No,No,No,No,No,No,0,1/1/2010,2/5/2013,
23156,EMPRESA DE ACUEDUCTO ALCANTARILLADO Y ASEO DE GUADALUPE SOCIEDAD ANONIMA EMPRESA DE SERVICIOS PUBLICOS,HUILA,GUADALUPE,No,No,No,No,No,No,No,No,4,1/1/2002,27/08/2012,
23263,EMPRESA DE SERVICIOS PÚBLICOS DOMICILIARIOS DE BURITICÁ S.A. E.S.P.,ANTIOQUIA,BURITICA,No,No,No,No,No,No,No,No,0.5,29/11/2009,9/10/2012,
23310,EMPRESAS PUBLICAS DE JERICO ANTIOQUIA S.A E.S.P,ANTIOQUIA,JERICO,No,No,No,No,No,No,No,No,1.13,28/02/2009,20/10/2011,
23325,ADMINISTRACION  PUBLICA COOPERATIVA ACUEDUCTO,SANTANDER,LA BELLEZA,No,No,No,No,No,No,No,No,2,4/1/2010,30/04/2012,
23336,EMPRESA DE SERVICIOS PUBLICOS DE MACEO S.A.S  E.S.P.,ANTIOQUIA,MACEO,No,No,No,No,No,No,No,No,0,1/1/2011,26/06/2015,
23363,EMPRESAS PUBLICAS DE SAN ANDRES DE CUERQUIA SA ESP,ANTIOQUIA,SAN ANDRES DE CUERQUIA,No,No,No,No,No,No,No,No,0,8/3/2010,26/11/2011,
23421,EMPRESAS PUBLICAS DE DABEIBA S.A.S   E.S.P,ANTIOQUIA,DABEIBA,No,No,No,No,No,No,No,No,0,1/1/2010,6/8/2016,
23461,EMRPESA DE SERVICIOS PUBLICOS DOMICILIARIOS DE CARAMANTA S.A. E.S.P,ANTIOQUIA,CARAMANTA,No,No,No,No,No,No,No,No,1,2/4/2003,3/6/2015,
23502,CENTRO DE RECICLAJE LA ALQUERÍA,BOGOTA D.C.,BOGOTA D.C.,No,No,No,No,No,No,No,No,15,1/9/2006,9/12/2011,
23519,ADMINISTRACION PÙBLICA COOPERATIVA DE ACUEDUCTO ALCANTARILLADO Y ASEO DEL MUNICIPIO DE SOTARA,CAUCA,SOTARA,No,No,No,No,No,No,No,No,10,10/2/2011,4/9/2014,
23528,EMPRESAS PUBLICAS DE CAÑASGORDAS S.A.  E.S.P,ANTIOQUIA,CANASGORDAS,No,No,No,No,No,No,No,No,0.67,24/07/2001,17/01/2012,
25524,EMPRESA DE SERVICIOS PUBLICOS DOMICILIARIOS DE GIRALDO S.A. E.S.P,ANTIOQUIA,GIRALDO,No,No,No,No,No,No,No,No,2,15/02/2010,6/12/2012,
25527,EMPRESAS PUBLICAS MUNICIPALES DE BETANIA S.A E.S.P,ANTIOQUIA,BETANIA,No,No,No,No,No,No,No,No,1,1/1/2002,21/08/2014,
25653,ADMINISTRACION PUBLICA COOPERATIVA DE AGUA POTABLE Y SANEAMIENTO BASICO DE CUMBITARA,NARINO,CUMBITARA,No,No,No,No,No,No,No,No,0,1/1/2000,1/2/2016,
25674,EMPRESAS PUBLICAS DE SAN RAFAEL S.A. E.S.P.,ANTIOQUIA,SAN RAFAEL,No,No,No,No,No,No,No,No,6,15/06/1989,20/09/2012,
25966,EMPRESAS PUBLICAS DE EL DONCELLO S.A.E.S.P.,CAQUETA,EL DONCELLO,No,No,No,No,No,No,No,No,30,3/8/1998,18/06/2014,
26545,EMPRESAS PUBLICAS DE CARAMANTA S.A.S. E.S.P.,ANTIOQUIA,CARAMANTA,No,No,No,No,No,No,No,No,1,2/4/2003,20/10/2015,
26688,AGUAS PUBLICAS DE GUADALUPE  E.P.G. S.A - E.S.P,SANTANDER,GUADALUPE,No,No,No,No,No,No,No,No,3,10/10/2007,18/06/2015,
26741,AGUAS DEL PÁRAMO DE SONSÓN S.A.S. E.S.P,ANTIOQUIA,SONSON,No,No,No,No,No,No,No,No,2,20/04/2012,20/05/2016,
26753,EMPRESA DE SERVICIOS PUBLICOS DOMICILIARIOS DE ACUEDUCTO ALCANTARILLADO Y ASEO DEL MUNICIPIO DE ANCUYA NARINO SAS ESP,NARINO,ANCUYA,No,No,No,No,No,No,No,No,5,15/09/2008,6/10/2016,
26842,EMPRESA DE SERVICIOS PUBLICOS DOMICILIARIOS TAMESIS ESP SAS,ANTIOQUIA,TAMESIS,No,No,No,No,No,No,No,No,5,7/2/2003,28/01/2016,
26991,EMPRESA DE SERVICIOS PUBLICOS DE ANDES S.A E.S.P,ANTIOQUIA,ANDES,No,No,No,No,No,No,No,No,1.5,3/4/2006,23/10/2014,
28411,AGUAS DE PUERTO CAICEDO S.A.S E.S.P,PUTUMAYO,PUERTO CAICEDO,No,No,No,No,No,No,No,No,2,18/12/2001,11/9/2015,
28512,EMPRESA EFICIENTE DE SERVICIOS PUBLICOS DE YUTO SAS ESP,CHOCO,ATRATO,Si,Si,Si,Si,No,Si,Si,No,3.5,0,6/12/2016,
28611,SOLUCIONES INTEGRALES DE PROCESOS ECOLÓGICOS SOCIEDAD POR ACCIONES SIMPLIFICADAS EMPRESA DE SERVICIOS PUBLICOS,CAUCA,VILLA RICA,No,No,No,No,No,No,No,No,12,1/3/2015,10/8/2015,
29531,SERVIDONMATIAS ESP SAS,ANTIOQUIA,DONMATIAS,No,No,No,No,No,No,No,No,0,1/7/2015,28/06/2017,
